order_id,customer_id,order_date,channel,status,source_row
O00001,C0188,2025-03-25,Store,Completed,2
O00002,C0231,2025-08-29,Store,Completed,3
O00003,C0023,2025-08-08,Store,Completed,4
O00004,C0237,2025-11-13,Store,Completed,5
O00005,C0270,2025-10-16,Store,Completed,6
O00006,C0253,2025-10-14,Online,Cancelled,7
O00007,C0228,2025-11-09,Online,Completed,8
O00008,C0010,2025-03-17,Online,Completed,9
O00009,C0286,2025-11-04,Online,Completed,10
O00010,C0109,2025-07-03,Store,Completed,11
O00011,C0280,2025-10-20,Store,Completed,12
O00012,C0293,2025-12-02,Online,Completed,13
O00013,C0250,2025-05-23,Online,Completed,14
O00014,C0064,2025-07-10,Online,Completed,15
O00015,C0056,2025-08-12,Store,Completed,16
O00016,C0275,2025-06-01,Store,Completed,17
O00017,C0135,2025-09-30,Store,Completed,18
O00018,C0212,2025-02-24,Online,Completed,19
O00019,C0117,2025-11-01,Online,Completed,20
O00020,C0076,2025-03-24,Store,Completed,21
O00021,C0298,2025-09-06,Store,Completed,22
O00022,C0058,2025-10-21,Store,Completed,23
O00023,C0152,2025-03-04,Online,Completed,24
O00024,C0047,2025-05-10,Online,Cancelled,25
O00025,C0085,2025-12-03,Online,Completed,26
O00026,C0062,2025-05-16,Store,Completed,27
O00027,C0149,2025-05-19,Online,Completed,28
O00028,C0042,2025-04-22,Store,Completed,29
O00029,C0001,2025-11-30,Store,Completed,30
O00030,C0025,2025-12-11,Online,Completed,31
O00031,C0142,2025-11-08,Store,Completed,32
O00032,C0156,2025-08-06,Store,Cancelled,33
O00033,C0298,2025-10-26,Store,Cancelled,34
O00034,C0080,2025-05-28,Online,Completed,35
O00035,C0106,2025-01-03,Online,Completed,36
O00036,C0212,2025-04-16,Online,Completed,37
O00037,C0157,2025-06-21,Online,Completed,38
O00038,C0195,2025-02-27,Store,Completed,39
O00039,C0062,2025-01-31,Online,Completed,40
O00040,C0276,2025-08-08,Store,Completed,41
O00041,C0184,2025-10-15,Store,Cancelled,42
O00042,C0241,2025-06-25,Online,Completed,43
O00043,C0259,2025-08-14,Online,Completed,44
O00044,C0290,2025-10-04,Store,Completed,45
O00045,C0118,2025-08-25,Store,Completed,46
O00046,C0208,2025-04-08,Online,Completed,47
O00047,C0297,2025-06-07,Store,Completed,48
O00048,C0143,2025-11-30,Online,Completed,49
O00049,C0259,2025-04-12,Store,Completed,50
O00050,C0256,2025-04-09,Online,Completed,51
O00051,C0178,2025-06-26,Store,Completed,52
O00052,C0198,2025-11-11,Store,Completed,53
O00053,C0114,2025-08-30,Store,Completed,54
O00054,C0174,2025-05-04,Online,Completed,55
O00055,C0126,2025-06-21,Store,Completed,56
O00056,C0130,2025-04-19,Store,Completed,57
O00057,C0285,2025-08-11,Store,Completed,58
O00058,C0151,2025-04-19,Store,Completed,59
O00059,C0277,2025-06-20,Store,Completed,60
O00060,C0140,2025-12-08,Online,Completed,61
O00061,C0242,2025-10-16,Online,Completed,62
O00062,C0271,2025-05-22,Store,Completed,63
O00063,C0256,2025-06-23,Online,Completed,64
O00064,C0016,2025-05-25,Online,Completed,65
O00065,C0122,2025-12-17,Online,Completed,66
O00066,C0076,2025-10-06,Online,Completed,67
O00067,C0251,2025-08-05,Online,Completed,68
O00068,C0005,2025-06-29,Online,Completed,69
O00069,C0139,2025-12-01,Store,Completed,70
O00070,C0230,2025-11-15,Online,Completed,71
O00071,C0020,2025-02-16,Store,Completed,72
O00072,C0127,2025-01-01,Store,Cancelled,73
O00073,C0265,2025-12-04,Online,Cancelled,74
O00074,C0026,2025-10-23,Store,Completed,75
O00075,C0225,2025-11-06,Store,Completed,76
O00076,C0270,2025-01-02,Online,Completed,77
O00077,C0274,2025-11-22,Store,Cancelled,78
O00078,C0180,2025-09-24,Online,Completed,79
O00079,C0106,2025-06-15,Online,Completed,80
O00080,C0063,2025-08-27,Store,Completed,81
O00081,C0094,2025-06-05,Online,Completed,82
O00082,C0225,2025-04-07,Online,Completed,83
O00083,C0136,2025-02-08,Store,Completed,84
O00084,C0223,2025-06-27,Store,Completed,85
O00085,C0108,2025-03-27,Store,Completed,86
O00086,C0279,2025-01-27,Online,Completed,87
O00087,C0129,2025-10-13,Online,Completed,88
O00088,C0006,2025-04-19,Store,Completed,89
O00089,C0020,2025-08-12,Store,Completed,90
O00090,C0111,2025-12-27,Online,Completed,91
O00091,C0062,2025-08-23,Store,Completed,92
O00092,C0028,2025-03-08,Store,Cancelled,93
O00093,C0179,2025-08-04,Store,Completed,94
O00094,C0008,2025-06-14,Store,Completed,95
O00095,C0235,2025-03-19,Online,Completed,96
O00096,C0153,2025-10-24,Online,Completed,97
O00097,C0132,2025-05-03,Store,Completed,98
O00098,C0299,2025-06-28,Online,Completed,99
O00099,C0117,2025-12-23,Online,Completed,100
O00100,C0016,2025-01-16,Online,Completed,101
O00101,C0025,2025-04-22,Store,Completed,102
O00102,C0102,2025-10-05,Store,Completed,103
O00103,C0017,2025-09-15,Online,Completed,104
O00104,C0148,2025-12-28,Online,Completed,105
O00105,C0225,2025-11-07,Store,Completed,106
O00106,C0006,2025-10-12,Store,Completed,107
O00107,C0069,2025-05-20,Store,Completed,108
O00108,C0150,2025-06-29,Store,Completed,109
O00109,C0300,2025-12-26,Online,Cancelled,110
O00110,C0025,2025-07-28,Online,Completed,111
O00111,C0084,2025-01-16,Online,Completed,112
O00112,C0107,2025-10-23,Online,Completed,113
O00113,C0026,2025-06-26,Store,Completed,114
O00114,C0074,2025-01-27,Online,Completed,115
O00115,C0052,2025-01-08,Online,Cancelled,116
O00116,C0294,2025-10-27,Online,Completed,117
O00117,C0288,2025-07-25,Online,Cancelled,118
O00118,C0027,2025-07-28,Store,Completed,119
O00119,C0054,2025-06-29,Online,Completed,120
O00120,C0102,2025-09-23,Online,Completed,121
O00121,C0136,2025-03-14,Online,Completed,122
O00122,C0094,2025-07-31,Store,Completed,123
O00123,C0120,2025-06-29,Online,Completed,124
O00124,C0161,2025-04-12,Online,Completed,125
O00125,C0169,2025-01-23,Store,Completed,126
O00126,C0208,2025-09-29,Store,Completed,127
O00127,C0121,2025-05-03,Store,Cancelled,128
O00128,C0219,2025-08-12,Store,Cancelled,129
O00129,C0134,2025-02-23,Store,Cancelled,130
O00130,C0005,2025-09-21,Store,Completed,131
O00131,C0293,2025-04-24,Store,Completed,132
O00132,C0104,2025-07-04,Online,Completed,133
O00133,C0260,2025-04-06,Online,Cancelled,134
O00134,C0222,2025-07-22,Store,Completed,135
O00135,C0275,2025-05-28,Online,Completed,136
O00136,C0232,2025-10-17,Store,Completed,137
O00137,C0084,2025-11-06,Online,Completed,138
O00138,C0270,2025-09-05,Store,Completed,139
O00139,C0162,2025-11-26,Store,Completed,140
O00140,C0081,2025-08-11,Online,Completed,141
O00141,C0215,2025-01-12,Online,Completed,142
O00142,C0253,2025-03-14,Online,Completed,143
O00143,C0159,2025-01-11,Store,Cancelled,144
O00144,C0185,2025-08-18,Online,Completed,145
O00145,C0268,2025-03-17,Store,Completed,146
O00146,C0258,2025-03-05,Store,Completed,147
O00147,C0147,2025-03-23,Store,Cancelled,148
O00148,C0178,2025-10-05,Store,Completed,149
O00149,C0058,2025-09-14,Store,Completed,150
O00150,C0293,2025-10-26,Online,Completed,151
O00151,C0031,2025-04-16,Store,Completed,152
O00152,C0280,2025-07-11,Store,Completed,153
O00153,C0087,2025-01-01,Online,Completed,154
O00154,C0047,2025-04-14,Online,Completed,155
O00155,C0162,2025-10-29,Online,Completed,156
O00156,C0029,2025-10-16,Online,Completed,157
O00157,C0126,2025-07-10,Online,Completed,158
O00158,C0092,2025-02-26,Store,Completed,159
O00159,C0089,2025-01-05,Store,Completed,160
O00160,C0192,2025-10-07,Store,Completed,161
O00161,C0078,2025-08-07,Online,Completed,162
O00162,C0245,2025-05-31,Online,Completed,163
O00163,C0288,2025-09-12,Store,Completed,164
O00164,C0088,2025-10-09,Online,Completed,165
O00165,C0046,2025-08-07,Store,Completed,166
O00166,C0285,2025-12-09,Store,Completed,167
O00167,C0019,2025-07-11,Online,Completed,168
O00168,C0293,2025-07-25,Store,Completed,169
O00169,C0060,2025-12-30,Store,Completed,170
O00170,C0280,2025-04-30,Online,Completed,171
O00171,C0208,2025-02-24,Online,Completed,172
O00172,C0242,2025-12-12,Online,Completed,173
O00173,C0188,2025-11-28,Store,Completed,174
O00174,C0244,2025-08-17,Store,Completed,175
O00175,C0181,2025-11-30,Online,Completed,176
O00176,C0105,2025-09-28,Online,Completed,177
O00177,C0236,2025-01-05,Store,Completed,178
O00178,C0165,2025-07-09,Online,Completed,179
O00179,C0096,2025-06-18,Store,Completed,180
O00180,C0290,2025-11-13,Online,Completed,181
O00181,C0146,2025-01-23,Online,Completed,182
O00182,C0283,2025-03-23,Online,Cancelled,183
O00183,C0203,2025-02-21,Store,Completed,184
O00184,C0082,2025-05-26,Store,Cancelled,185
O00185,C0055,2025-07-13,Online,Completed,186
O00186,C0157,2025-04-30,Store,Completed,187
O00187,C0108,2025-01-23,Store,Completed,188
O00188,C0287,2025-12-18,Online,Completed,189
O00189,C0294,2025-01-20,Store,Completed,190
O00190,C0016,2025-06-17,Online,Completed,191
O00191,C0129,2025-01-20,Store,Completed,192
O00192,C0013,2025-03-16,Online,Completed,193
O00193,C0181,2025-11-25,Online,Completed,194
O00194,C0011,2025-08-11,Online,Completed,195
O00195,C0030,2025-12-11,Store,Completed,196
O00196,C0074,2025-05-07,Online,Completed,197
O00197,C0186,2025-01-14,Store,Completed,198
O00198,C0165,2025-08-05,Store,Completed,199
O00199,C0222,2025-09-29,Store,Completed,200
O00200,C0001,2025-04-01,Online,Completed,201
O00201,C0278,2025-09-05,Store,Completed,202
O00202,C0039,2025-09-03,Online,Completed,203
O00203,C0194,2025-10-31,Store,Completed,204
O00204,C0147,2025-11-27,Store,Completed,205
O00205,C0283,2025-04-14,Store,Completed,206
O00206,C0215,2025-01-09,Store,Completed,207
O00207,C0220,2025-01-12,Online,Cancelled,208
O00208,C0028,2025-04-20,Store,Completed,209
O00209,C0230,2025-04-14,Online,Completed,210
O00210,C0233,2025-07-26,Online,Completed,211
O00211,C0056,2025-07-20,Store,Completed,212
O00212,C0136,2025-12-05,Online,Completed,213
O00213,C0121,2025-02-02,Online,Completed,214
O00214,C0202,2025-11-30,Online,Completed,215
O00215,C0190,2025-10-29,Online,Completed,216
O00216,C0290,2025-11-08,Online,Completed,217
O00217,C0239,2025-09-18,Store,Completed,218
O00218,C0222,2025-02-27,Online,Completed,219
O00219,C0009,2025-11-26,Store,Completed,220
O00220,C0034,2025-07-31,Store,Completed,221
O00221,C0123,2025-12-13,Online,Completed,222
O00222,C0289,2025-04-18,Store,Completed,223
O00223,C0217,2025-12-19,Store,Completed,224
O00224,C0289,2025-04-17,Online,Completed,225
O00225,C0173,2025-03-27,Online,Completed,226
O00226,C0042,2025-03-20,Store,Completed,227
O00227,C0240,2025-02-19,Online,Completed,228
O00228,C0222,2025-05-03,Store,Completed,229
O00229,C0299,2025-07-19,Store,Cancelled,230
O00230,C0042,2025-03-04,Online,Completed,231
O00231,C0116,2025-10-30,Online,Completed,232
O00232,C0209,2025-09-03,Store,Completed,233
O00233,C0200,2025-05-17,Online,Completed,234
O00234,C0038,2025-07-04,Online,Completed,235
O00235,C0142,2025-03-29,Store,Completed,236
O00236,C0289,2025-10-14,Online,Completed,237
O00237,C0264,2025-09-26,Store,Completed,238
O00238,C0063,2025-04-16,Store,Completed,239
O00239,C0223,2025-08-24,Online,Completed,240
O00240,C0085,2025-03-02,Online,Completed,241
O00241,C0276,2025-06-24,Online,Completed,242
O00242,C0251,2025-07-26,Store,Completed,243
O00243,C0213,2025-03-01,Store,Completed,244
O00244,C0053,2025-05-17,Online,Completed,245
O00245,C0210,2025-11-16,Online,Completed,246
O00246,C0203,2025-09-02,Online,Cancelled,247
O00247,C0246,2025-04-03,Online,Completed,248
O00248,C0251,2025-09-03,Online,Completed,249
O00249,C0158,2025-03-16,Store,Completed,250
O00250,C0021,2025-12-31,Online,Completed,251
O00251,C0172,2025-01-14,Store,Completed,252
O00252,C0222,2025-12-21,Online,Completed,253
O00253,C0167,2025-05-17,Online,Completed,254
O00254,C0267,2025-10-11,Online,Completed,255
O00255,C0015,2025-02-24,Store,Completed,256
O00256,C0109,2025-03-11,Store,Completed,257
O00257,C0172,2025-08-13,Store,Completed,258
O00258,C0152,2025-12-09,Online,Completed,259
O00259,C0119,2025-01-25,Store,Cancelled,260
O00260,C0090,2025-10-26,Online,Completed,261
O00261,C0038,2025-03-04,Online,Cancelled,262
O00262,C0075,2025-10-10,Online,Completed,263
O00263,C0151,2025-05-28,Store,Completed,264
O00264,C0274,2025-06-25,Online,Completed,265
O00265,C0039,2025-01-24,Store,Completed,266
O00266,C0049,2025-05-26,Online,Completed,267
O00267,C0212,2025-08-18,Online,Completed,268
O00268,C0021,2025-02-19,Online,Completed,269
O00269,C0119,2025-07-25,Online,Completed,270
O00270,C0106,2025-11-12,Online,Completed,271
O00271,C0076,2025-02-02,Store,Cancelled,272
O00272,C0148,2025-11-13,Store,Completed,273
O00273,C0066,2025-01-03,Store,Completed,274
O00274,C0170,2025-12-02,Online,Completed,275
O00275,C0235,2025-03-30,Store,Completed,276
O00276,C0052,2025-01-03,Online,Completed,277
O00277,C0012,2025-01-16,Store,Cancelled,278
O00278,C0166,2025-11-01,Online,Completed,279
O00279,C0286,2025-11-25,Online,Completed,280
O00280,C0138,2025-08-08,Store,Completed,281
O00281,C0228,2025-09-27,Store,Completed,282
O00282,C0116,2025-06-27,Online,Completed,283
O00283,C0041,2025-12-28,Online,Completed,284
O00284,C0235,2025-01-23,Online,Completed,285
O00285,C0295,2025-07-06,Store,Completed,286
O00286,C0193,2025-08-09,Online,Completed,287
O00287,C0049,2025-11-08,Online,Completed,288
O00288,C0107,2025-02-01,Online,Completed,289
O00289,C0226,2025-05-10,Online,Completed,290
O00290,C0174,2025-10-24,Online,Completed,291
O00291,C0027,2025-05-26,Store,Completed,292
O00292,C0010,2025-10-08,Store,Completed,293
O00293,C0189,2025-09-29,Store,Completed,294
O00294,C0177,2025-05-02,Online,Completed,295
O00295,C0122,2025-11-04,Online,Completed,296
O00296,C0285,2025-05-17,Store,Completed,297
O00297,C0094,2025-12-30,Store,Completed,298
O00298,C0256,2025-12-16,Online,Completed,299
O00299,C0186,2025-01-03,Online,Completed,300
O00300,C0004,2025-08-09,Online,Completed,301
O00301,C0095,2025-05-03,Online,Completed,302
O00302,C0259,2025-11-14,Online,Completed,303
O00303,C0105,2025-03-27,Online,Completed,304
O00304,C0231,2025-05-05,Online,Completed,305
O00305,C0104,2025-01-20,Online,Completed,306
O00306,C0257,2025-07-28,Store,Completed,307
O00307,C0236,2025-08-28,Store,Cancelled,308
O00308,C0259,2025-04-21,Online,Completed,309
O00309,C0084,2025-11-02,Online,Completed,310
O00310,C0285,2025-10-31,Online,Completed,311
O00311,C0156,2025-05-19,Online,Completed,312
O00312,C0085,2025-09-28,Store,Completed,313
O00313,C0135,2025-11-13,Online,Completed,314
O00314,C0107,2025-11-14,Online,Completed,315
O00315,C0085,2025-08-09,Store,Completed,316
O00316,C0215,2025-08-27,Online,Completed,317
O00317,C0244,2025-08-06,Online,Completed,318
O00318,C0299,2025-06-10,Online,Completed,319
O00319,C0068,2025-07-21,Store,Completed,320
O00320,C0245,2025-04-25,Online,Completed,321
O00321,C0182,2025-12-17,Store,Completed,322
O00322,C0146,2025-06-26,Online,Completed,323
O00323,C0137,2025-01-12,Store,Completed,324
O00324,C0271,2025-06-03,Store,Completed,325
O00325,C0175,2025-09-11,Online,Completed,326
O00326,C0233,2025-06-10,Online,Completed,327
O00327,C0091,2025-07-26,Online,Completed,328
O00328,C0051,2025-02-23,Online,Completed,329
O00329,C0059,2025-10-16,Store,Completed,330
O00330,C0287,2025-03-12,Store,Completed,331
O00331,C0148,2025-04-25,Online,Completed,332
O00332,C0181,2025-05-02,Store,Completed,333
O00333,C0224,2025-07-24,Store,Completed,334
O00334,C0129,2025-10-04,Store,Completed,335
O00335,C0065,2025-04-17,Online,Completed,336
O00336,C0263,2025-11-25,Store,Cancelled,337
O00337,C0198,2025-10-22,Online,Completed,338
O00338,C0179,2025-07-05,Online,Completed,339
O00339,C0183,2025-04-05,Online,Completed,340
O00340,C0293,2025-11-21,Store,Completed,341
O00341,C0203,2025-07-20,Store,Completed,342
O00342,C0024,2025-10-13,Online,Completed,343
O00343,C0100,2025-11-14,Store,Cancelled,344
O00344,C0156,2025-06-25,Online,Completed,345
O00345,C0121,2025-06-09,Store,Completed,346
O00346,C0183,2025-11-26,Store,Cancelled,347
O00347,C0212,2025-06-22,Store,Cancelled,348
O00348,C0259,2025-08-29,Online,Completed,349
O00349,C0109,2025-02-28,Store,Completed,350
O00350,C0106,2025-10-02,Online,Completed,351
O00351,C0188,2025-11-19,Online,Completed,352
O00352,C0166,2025-04-17,Store,Completed,353
O00353,C0176,2025-07-18,Online,Completed,354
O00354,C0054,2025-08-20,Store,Completed,355
O00355,C0136,2025-02-11,Online,Cancelled,356
O00356,C0041,2025-12-28,Online,Completed,357
O00357,C0191,2025-02-09,Store,Completed,358
O00358,C0155,2025-03-21,Online,Completed,359
O00359,C0300,2025-09-10,Online,Completed,360
O00360,C0264,2025-01-12,Online,Completed,361
O00361,C0175,2025-03-12,Store,Completed,362
O00362,C0231,2025-04-14,Store,Completed,363
O00363,C0055,2025-02-24,Online,Completed,364
O00364,C0182,2025-06-04,Online,Cancelled,365
O00365,C0195,2025-04-17,Online,Completed,366
O00366,C0221,2025-12-11,Online,Completed,367
O00367,C0254,2025-03-16,Store,Completed,368
O00368,C0112,2025-11-10,Online,Completed,369
O00369,C0224,2025-04-30,Store,Completed,370
O00370,C0108,2025-03-19,Store,Completed,371
O00371,C0294,2025-05-09,Store,Completed,372
O00372,C0186,2025-05-09,Store,Completed,373
O00373,C0134,2025-06-01,Online,Completed,374
O00374,C0077,2025-08-14,Online,Completed,375
O00375,C0127,2025-09-04,Online,Completed,376
O00376,C0095,2025-07-13,Store,Completed,377
O00377,C0131,2025-11-14,Store,Completed,378
O00378,C0240,2025-12-11,Online,Completed,379
O00379,C0100,2025-05-28,Store,Completed,380
O00380,C0144,2025-04-16,Online,Completed,381
O00381,C0231,2025-05-01,Store,Completed,382
O00382,C0193,2025-01-28,Store,Completed,383
O00383,C0181,2025-12-19,Online,Completed,384
O00384,C0161,2025-03-12,Store,Completed,385
O00385,C0022,2025-02-27,Online,Completed,386
O00386,C0184,2025-05-20,Store,Completed,387
O00387,C0087,2025-11-06,Online,Completed,388
O00388,C0230,2025-05-09,Store,Completed,389
O00389,C0224,2025-10-15,Online,Completed,390
O00390,C0038,2025-11-16,Online,Completed,391
O00391,C0111,2025-07-29,Store,Completed,392
O00392,C0251,2025-03-15,Online,Completed,393
O00393,C0048,2025-01-25,Store,Completed,394
O00394,C0205,2025-10-19,Store,Cancelled,395
O00395,C0270,2025-01-21,Store,Completed,396
O00396,C0109,2025-11-07,Online,Completed,397
O00397,C0201,2025-10-18,Store,Completed,398
O00398,C0093,2025-07-18,Online,Completed,399
O00399,C0213,2025-03-23,Store,Completed,400
O00400,C0140,2025-07-26,Store,Completed,401
O00401,C0029,2025-08-28,Online,Completed,402
O00402,C0072,2025-03-04,Online,Completed,403
O00403,C0204,2025-01-29,Store,Completed,404
O00404,C0065,2025-08-17,Store,Completed,405
O00405,C0145,2025-04-29,Store,Completed,406
O00406,C0144,2025-05-17,Online,Completed,407
O00407,C0093,2025-09-10,Online,Completed,408
O00408,C0234,2025-10-31,Online,Cancelled,409
O00409,C0137,2025-12-23,Online,Completed,410
O00410,C0109,2025-02-09,Store,Completed,411
O00411,C0107,2025-04-04,Store,Completed,412
O00412,C0260,2025-03-31,Store,Completed,413
O00413,C0039,2025-11-12,Online,Completed,414
O00414,C0299,2025-08-25,Store,Completed,415
O00415,C0177,2025-09-24,Store,Completed,416
O00416,C0256,2025-03-24,Online,Completed,417
O00417,C0100,2025-12-27,Store,Completed,418
O00418,C0036,2025-01-02,Store,Completed,419
O00419,C0180,2025-05-09,Online,Completed,420
O00420,C0125,2025-09-01,Online,Completed,421
O00421,C0201,2025-01-22,Online,Completed,422
O00422,C0222,2025-11-15,Online,Completed,423
O00423,C0114,2025-02-06,Online,Completed,424
O00424,C0040,2025-07-11,Store,Completed,425
O00425,C0109,2025-09-11,Online,Completed,426
O00426,C0002,2025-08-27,Online,Completed,427
O00427,C0256,2025-04-29,Online,Completed,428
O00428,C0224,2025-02-26,Online,Completed,429
O00429,C0112,2025-02-08,Store,Completed,430
O00430,C0250,2025-05-29,Online,Completed,431
O00431,C0142,2025-05-02,Store,Completed,432
O00432,C0223,2025-07-27,Store,Completed,433
O00433,C0226,2025-03-11,Store,Completed,434
O00434,C0080,2025-05-06,Store,Completed,435
O00435,C0279,2025-11-09,Store,Completed,436
O00436,C0153,2025-12-21,Online,Completed,437
O00437,C0269,2025-09-21,Store,Completed,438
O00438,C0086,2025-07-29,Store,Completed,439
O00439,C0165,2025-12-22,Online,Completed,440
O00440,C0095,2025-07-28,Store,Completed,441
O00441,C0231,2025-05-23,Store,Completed,442
O00442,C0192,2025-01-09,Online,Completed,443
O00443,C0254,2025-03-14,Store,Completed,444
O00444,C0169,2025-02-19,Online,Completed,445
O00445,C0089,2025-07-26,Online,Completed,446
O00446,C0033,2025-09-11,Online,Completed,447
O00447,C0110,2025-05-16,Online,Completed,448
O00448,C0016,2025-08-28,Store,Completed,449
O00449,C0113,2025-12-12,Online,Completed,450
O00450,C0066,2025-12-17,Online,Completed,451
O00451,C0275,2025-08-02,Store,Completed,452
O00452,C0298,2025-01-07,Online,Completed,453
O00453,C0233,2025-01-17,Online,Cancelled,454
O00454,C0070,2025-07-02,Store,Completed,455
O00455,C0120,2025-11-18,Store,Completed,456
O00456,C0296,2025-05-21,Online,Completed,457
O00457,C0059,2025-09-10,Online,Completed,458
O00458,C0170,2025-08-07,Online,Completed,459
O00459,C0033,2025-09-27,Store,Completed,460
O00460,C0109,2025-06-26,Online,Cancelled,461
O00461,C0196,2025-10-08,Online,Cancelled,462
O00462,C0115,2025-09-06,Online,Completed,463
O00463,C0197,2025-06-30,Online,Completed,464
O00464,C0154,2025-11-15,Store,Completed,465
O00465,C0031,2025-12-12,Online,Cancelled,466
O00466,C0019,2025-07-15,Online,Completed,467
O00467,C0055,2025-04-10,Store,Completed,468
O00468,C0249,2025-06-23,Online,Completed,469
O00469,C0014,2025-11-23,Online,Completed,470
O00470,C0200,2025-08-16,Online,Completed,471
O00471,C0144,2025-10-04,Online,Cancelled,472
O00472,C0112,2025-04-08,Store,Completed,473
O00473,C0042,2025-01-05,Online,Completed,474
O00474,C0182,2025-05-04,Online,Completed,475
O00475,C0273,2025-06-23,Online,Cancelled,476
O00476,C0201,2025-03-26,Online,Completed,477
O00477,C0073,2025-03-14,Online,Completed,478
O00478,C0103,2025-02-23,Store,Completed,479
O00479,C0052,2025-12-30,Online,Completed,480
O00480,C0257,2025-09-17,Online,Completed,481
O00481,C0210,2025-11-16,Online,Completed,482
O00482,C0073,2025-07-16,Online,Completed,483
O00483,C0287,2025-09-02,Store,Completed,484
O00484,C0039,2025-09-30,Store,Completed,485
O00485,C0233,2025-03-10,Online,Completed,486
O00486,C0195,2025-07-01,Online,Cancelled,487
O00487,C0036,2025-10-30,Online,Completed,488
O00488,C0154,2025-10-09,Store,Completed,489
O00489,C0284,2025-10-28,Store,Completed,490
O00490,C0073,2025-05-27,Store,Cancelled,491
O00491,C0091,2025-07-14,Store,Completed,492
O00492,C0019,2025-09-24,Store,Completed,493
O00493,C0282,2025-01-19,Online,Completed,494
O00494,C0299,2025-07-07,Store,Completed,495
O00495,C0188,2025-04-11,Online,Completed,496
O00496,C0122,2025-07-02,Online,Completed,497
O00497,C0256,2025-01-02,Store,Completed,498
O00498,C0197,2025-10-25,Online,Completed,499
O00499,C0057,2025-12-21,Online,Completed,500
O00500,C0157,2025-04-26,Online,Completed,501
O00501,C0221,2025-02-20,Online,Completed,502
O00502,C0062,2025-01-10,Store,Completed,503
O00503,C0008,2025-10-05,Store,Completed,504
O00504,C0053,2025-11-07,Online,Completed,505
O00505,C0057,2025-09-03,Store,Completed,506
O00506,C0081,2025-01-15,Store,Completed,507
O00507,C0004,2025-02-20,Store,Completed,508
O00508,C0166,2025-04-11,Online,Completed,509
O00509,C0278,2025-03-29,Store,Completed,510
O00510,C0223,2025-09-05,Store,Completed,511
O00511,C0024,2025-09-26,Online,Completed,512
O00512,C0285,2025-06-16,Store,Completed,513
O00513,C0009,2025-12-09,Store,Completed,514
O00514,C0144,2025-05-17,Store,Completed,515
O00515,C0091,2025-05-04,Online,Completed,516
O00516,C0002,2025-05-15,Store,Completed,517
O00517,C0135,2025-06-04,Online,Cancelled,518
O00518,C0184,2025-08-15,Store,Completed,519
O00519,C0098,2025-01-30,Store,Completed,520
O00520,C0197,2025-09-05,Online,Completed,521
O00521,C0047,2025-01-12,Online,Completed,522
O00522,C0266,2025-07-20,Online,Completed,523
O00523,C0223,2025-03-09,Store,Completed,524
O00524,C0025,2025-09-06,Store,Completed,525
O00525,C0106,2025-11-02,Store,Completed,526
O00526,C0067,2025-12-23,Store,Completed,527
O00527,C0188,2025-06-18,Store,Cancelled,528
O00528,C0104,2025-05-27,Store,Completed,529
O00529,C0189,2025-06-09,Store,Completed,530
O00530,C0294,2025-04-24,Store,Completed,531
O00531,C0022,2025-01-08,Online,Completed,532
O00532,C0136,2025-12-11,Store,Completed,533
O00533,C0161,2025-02-06,Store,Completed,534
O00534,C0112,2025-07-12,Online,Completed,535
O00535,C0006,2025-11-09,Online,Completed,536
O00536,C0236,2025-05-04,Online,Completed,537
O00537,C0104,2025-01-08,Store,Completed,538
O00538,C0242,2025-11-23,Store,Completed,539
O00539,C0112,2025-02-07,Store,Completed,540
O00540,C0098,2025-06-20,Online,Completed,541
O00541,C0096,2025-03-27,Online,Completed,542
O00542,C0283,2025-03-01,Store,Completed,543
O00543,C0034,2025-06-08,Store,Completed,544
O00544,C0275,2025-11-13,Store,Completed,545
O00545,C0070,2025-06-10,Store,Completed,546
O00546,C0196,2025-01-06,Store,Completed,547
O00547,C0099,2025-11-06,Online,Completed,548
O00548,C0274,2025-09-22,Online,Completed,549
O00549,C0246,2025-06-12,Store,Completed,550
O00550,C0097,2025-05-20,Online,Completed,551
O00551,C0086,2025-05-14,Online,Completed,552
O00552,C0083,2025-03-10,Online,Completed,553
O00553,C0192,2025-12-15,Store,Completed,554
O00554,C0255,2025-03-01,Online,Completed,555
O00555,C0232,2025-10-19,Store,Completed,556
O00556,C0048,2025-09-29,Store,Completed,557
O00557,C0227,2025-08-05,Online,Completed,558
O00558,C0252,2025-10-23,Online,Completed,559
O00559,C0033,2025-12-13,Online,Completed,560
O00560,C0216,2025-08-21,Store,Completed,561
O00561,C0270,2025-08-15,Online,Completed,562
O00562,C0172,2025-09-13,Online,Completed,563
O00563,C0160,2025-11-23,Online,Completed,564
O00564,C0230,2025-01-30,Online,Completed,565
O00565,C0237,2025-06-24,Store,Completed,566
O00566,C0182,2025-03-17,Online,Completed,567
O00567,C0257,2025-07-19,Store,Completed,568
O00568,C0286,2025-01-15,Store,Completed,569
O00569,C0237,2025-08-06,Store,Completed,570
O00570,C0138,2025-07-12,Online,Completed,571
O00571,C0198,2025-10-27,Store,Completed,572
O00572,C0016,2025-10-22,Online,Completed,573
O00573,C0211,2025-08-13,Online,Completed,574
O00574,C0249,2025-02-13,Store,Completed,575
O00575,C0072,2025-07-10,Online,Cancelled,576
O00576,C0045,2025-02-03,Store,Completed,577
O00577,C0116,2025-09-22,Store,Completed,578
O00578,C0100,2025-09-04,Online,Completed,579
O00579,C0246,2025-11-16,Online,Cancelled,580
O00580,C0042,2025-12-21,Online,Completed,581
O00581,C0112,2025-01-17,Store,Completed,582
O00582,C0091,2025-09-09,Online,Completed,583
O00583,C0185,2025-10-14,Online,Completed,584
O00584,C0139,2025-05-08,Online,Cancelled,585
O00585,C0174,2025-07-14,Store,Cancelled,586
O00586,C0012,2025-12-15,Store,Completed,587
O00587,C0146,2025-05-30,Store,Completed,588
O00588,C0062,2025-05-23,Store,Completed,589
O00589,C0127,2025-07-29,Online,Completed,590
O00590,C0204,2025-06-07,Online,Completed,591
O00591,C0084,2025-01-01,Store,Completed,592
O00592,C0228,2025-06-11,Online,Completed,593
O00593,C0206,2025-05-08,Store,Completed,594
O00594,C0008,2025-08-14,Online,Completed,595
O00595,C0023,2025-01-12,Store,Completed,596
O00596,C0223,2025-09-23,Online,Completed,597
O00597,C0036,2025-11-10,Store,Completed,598
O00598,C0003,2025-03-15,Online,Completed,599
O00599,C0112,2025-03-02,Online,Completed,600
O00600,C0146,2025-12-27,Store,Completed,601
O00601,C0153,2025-02-13,Store,Completed,602
O00602,C0202,2025-02-23,Online,Completed,603
O00603,C0039,2025-12-20,Store,Completed,604
O00604,C0011,2025-01-25,Store,Completed,605
O00605,C0244,2025-11-29,Store,Completed,606
O00606,C0051,2025-02-02,Store,Completed,607
O00607,C0276,2025-03-15,Store,Completed,608
O00608,C0250,2025-09-14,Online,Completed,609
O00609,C0247,2025-06-10,Online,Completed,610
O00610,C0132,2025-01-27,Store,Completed,611
O00611,C0211,2025-10-26,Store,Completed,612
O00612,C0093,2025-11-19,Online,Completed,613
O00613,C0204,2025-06-27,Online,Completed,614
O00614,C0147,2025-05-09,Online,Completed,615
O00615,C0102,2025-02-07,Online,Completed,616
O00616,C0139,2025-11-02,Store,Completed,617
O00617,C0103,2025-12-25,Online,Completed,618
O00618,C0238,2025-12-06,Store,Completed,619
O00619,C0246,2025-11-29,Online,Completed,620
O00620,C0207,2025-05-08,Online,Completed,621
O00621,C0262,2025-01-07,Online,Completed,622
O00622,C0131,2025-03-25,Online,Completed,623
O00623,C0166,2025-05-23,Online,Completed,624
O00624,C0064,2025-07-10,Online,Completed,625
O00625,C0002,2025-03-21,Store,Completed,626
O00626,C0161,2025-11-22,Online,Completed,627
O00627,C0110,2025-04-11,Online,Completed,628
O00628,C0065,2025-11-15,Store,Completed,629
O00629,C0177,2025-04-08,Store,Completed,630
O00630,C0083,2025-06-22,Store,Completed,631
O00631,C0202,2025-03-28,Store,Completed,632
O00632,C0268,2025-09-20,Store,Completed,633
O00633,C0038,2025-12-29,Store,Completed,634
O00634,C0187,2025-12-18,Store,Completed,635
O00635,C0126,2025-09-14,Online,Completed,636
O00636,C0052,2025-08-28,Online,Completed,637
O00637,C0231,2025-08-01,Store,Completed,638
O00638,C0085,2025-12-08,Store,Completed,639
O00639,C0170,2025-06-09,Online,Completed,640
O00640,C0136,2025-12-24,Online,Completed,641
O00641,C0101,2025-09-19,Store,Completed,642
O00642,C0286,2025-02-24,Store,Completed,643
O00643,C0169,2025-09-06,Online,Completed,644
O00644,C0183,2025-10-09,Store,Completed,645
O00645,C0266,2025-10-18,Store,Completed,646
O00646,C0232,2025-08-16,Online,Completed,647
O00647,C0287,2025-03-05,Store,Completed,648
O00648,C0082,2025-01-28,Online,Completed,649
O00649,C0231,2025-01-25,Store,Completed,650
O00650,C0098,2025-08-26,Store,Completed,651
O00651,C0148,2025-08-26,Online,Completed,652
O00652,C0235,2025-09-02,Store,Completed,653
O00653,C0107,2025-09-16,Online,Completed,654
O00654,C0021,2025-06-25,Online,Completed,655
O00655,C0174,2025-10-27,Store,Completed,656
O00656,C0265,2025-01-25,Store,Completed,657
O00657,C0270,2025-10-15,Store,Completed,658
O00658,C0121,2025-01-30,Online,Cancelled,659
O00659,C0003,2025-01-05,Store,Completed,660
O00660,C0064,2025-12-12,Online,Cancelled,661
O00661,C0062,2025-08-18,Online,Completed,662
O00662,C0185,2025-04-19,Online,Completed,663
O00663,C0195,2025-12-01,Store,Completed,664
O00664,C0230,2025-10-01,Store,Completed,665
O00665,C0240,2025-07-30,Online,Completed,666
O00666,C0153,2025-05-23,Online,Completed,667
O00667,C0253,2025-11-26,Online,Cancelled,668
O00668,C0183,2025-08-14,Store,Completed,669
O00669,C0270,2025-02-19,Store,Completed,670
O00670,C0091,2025-09-20,Store,Completed,671
O00671,C0009,2025-07-13,Store,Completed,672
O00672,C0061,2025-01-22,Online,Completed,673
O00673,C0101,2025-01-06,Online,Completed,674
O00674,C0250,2025-08-14,Online,Completed,675
O00675,C0080,2025-11-22,Store,Completed,676
O00676,C0272,2025-11-16,Store,Completed,677
O00677,C0266,2025-06-14,Online,Completed,678
O00678,C0122,2025-12-11,Store,Completed,679
O00679,C0081,2025-11-08,Store,Completed,680
O00680,C0221,2025-09-22,Online,Completed,681
O00681,C0262,2025-05-25,Store,Completed,682
O00682,C0266,2025-08-28,Store,Completed,683
O00683,C0174,2025-10-22,Store,Completed,684
O00684,C0230,2025-03-02,Store,Completed,685
O00685,C0068,2025-01-22,Online,Completed,686
O00686,C0227,2025-10-09,Store,Completed,687
O00687,C0056,2025-06-19,Online,Completed,688
O00688,C0097,2025-09-09,Store,Completed,689
O00689,C0291,2025-05-25,Online,Completed,690
O00690,C0219,2025-01-16,Online,Completed,691
O00691,C0254,2025-03-06,Online,Completed,692
O00692,C0129,2025-02-11,Store,Completed,693
O00693,C0056,2025-03-28,Online,Cancelled,694
O00694,C0154,2025-10-26,Online,Completed,695
O00695,C0200,2025-11-18,Store,Completed,696
O00696,C0241,2025-11-07,Online,Cancelled,697
O00697,C0114,2025-02-18,Store,Completed,698
O00698,C0207,2025-11-10,Store,Completed,699
O00699,C0261,2025-10-28,Store,Completed,700
O00700,C0114,2025-08-11,Store,Completed,701
O00701,C0279,2025-04-11,Store,Completed,702
O00702,C0112,2025-09-03,Store,Completed,703
O00703,C0063,2025-08-22,Online,Completed,704
O00704,C0037,2025-06-04,Online,Completed,705
O00705,C0253,2025-06-07,Online,Completed,706
O00706,C0229,2025-11-24,Online,Completed,707
O00707,C0210,2025-09-10,Store,Completed,708
O00708,C0021,2025-04-25,Store,Cancelled,709
O00709,C0164,2025-02-07,Store,Completed,710
O00710,C0033,2025-03-11,Online,Completed,711
O00711,C0177,2025-12-27,Online,Completed,712
O00712,C0037,2025-08-31,Store,Completed,713
O00713,C0046,2025-09-28,Online,Completed,714
O00714,C0121,2025-02-06,Online,Completed,715
O00715,C0085,2025-05-05,Store,Completed,716
O00716,C0113,2025-07-15,Store,Completed,717
O00717,C0124,2025-08-28,Store,Completed,718
O00718,C0259,2025-06-13,Online,Completed,719
O00719,C0247,2025-07-17,Online,Completed,720
O00720,C0046,2025-03-02,Online,Completed,721
O00721,C0123,2025-11-25,Online,Completed,722
O00722,C0260,2025-04-19,Online,Completed,723
O00723,C0196,2025-12-11,Online,Completed,724
O00724,C0058,2025-12-17,Store,Completed,725
O00725,C0036,2025-11-30,Store,Completed,726
O00726,C0010,2025-02-20,Store,Completed,727
O00727,C0264,2025-06-04,Store,Completed,728
O00728,C0069,2025-05-06,Store,Completed,729
O00729,C0294,2025-09-08,Store,Completed,730
O00730,C0278,2025-01-17,Store,Completed,731
O00731,C0062,2025-07-21,Store,Completed,732
O00732,C0280,2025-10-01,Store,Completed,733
O00733,C0188,2025-10-17,Store,Completed,734
O00734,C0040,2025-10-02,Online,Completed,735
O00735,C0123,2025-01-19,Online,Completed,736
O00736,C0039,2025-06-19,Store,Completed,737
O00737,C0161,2025-10-20,Store,Completed,738
O00738,C0204,2025-10-14,Store,Completed,739
O00739,C0153,2025-08-11,Online,Completed,740
O00740,C0174,2025-05-21,Online,Completed,741
O00741,C0108,2025-10-20,Online,Completed,742
O00742,C0283,2025-07-15,Online,Completed,743
O00743,C0285,2025-10-23,Store,Completed,744
O00744,C0138,2025-08-15,Store,Completed,745
O00745,C0079,2025-07-26,Online,Completed,746
O00746,C0216,2025-07-31,Store,Completed,747
O00747,C0128,2025-07-22,Online,Completed,748
O00748,C0254,2025-03-15,Online,Cancelled,749
O00749,C0285,2025-08-13,Store,Completed,750
O00750,C0144,2025-08-07,Store,Cancelled,751
O00751,C0023,2025-06-12,Store,Completed,752
O00752,C0300,2025-07-12,Online,Completed,753
O00753,C0268,2025-02-22,Store,Completed,754
O00754,C0129,2025-03-11,Online,Completed,755
O00755,C0161,2025-08-20,Store,Completed,756
O00756,C0091,2025-07-24,Store,Completed,757
O00757,C0010,2025-04-23,Store,Completed,758
O00758,C0168,2025-10-21,Store,Completed,759
O00759,C0126,2025-12-23,Online,Completed,760
O00760,C0259,2025-10-15,Store,Completed,761
O00761,C0067,2025-12-20,Store,Completed,762
O00762,C0245,2025-09-22,Store,Completed,763
O00763,C0043,2025-11-27,Online,Completed,764
O00764,C0147,2025-08-24,Store,Completed,765
O00765,C0196,2025-12-13,Store,Completed,766
O00766,C0220,2025-12-01,Online,Completed,767
O00767,C0132,2025-06-18,Store,Completed,768
O00768,C0287,2025-08-13,Store,Completed,769
O00769,C0107,2025-08-21,Online,Completed,770
O00770,C0265,2025-04-04,Store,Completed,771
O00771,C0066,2025-07-14,Online,Completed,772
O00772,C0289,2025-04-15,Store,Completed,773
O00773,C0227,2025-10-03,Online,Completed,774
O00774,C0222,2025-01-26,Online,Cancelled,775
O00775,C0030,2025-04-12,Online,Completed,776
O00776,C0034,2025-02-08,Online,Completed,777
O00777,C0029,2025-12-24,Store,Completed,778
O00778,C0161,2025-04-14,Store,Completed,779
O00779,C0187,2025-11-11,Online,Cancelled,780
O00780,C0080,2025-03-06,Online,Completed,781
O00781,C0252,2025-01-01,Online,Completed,782
O00782,C0042,2025-11-18,Store,Completed,783
O00783,C0183,2025-09-17,Online,Completed,784
O00784,C0167,2025-06-02,Online,Completed,785
O00785,C0204,2025-09-28,Online,Completed,786
O00786,C0064,2025-11-18,Store,Completed,787
O00787,C0254,2025-04-30,Store,Cancelled,788
O00788,C0272,2025-12-15,Store,Completed,789
O00789,C0066,2025-02-02,Online,Completed,790
O00790,C0090,2025-07-09,Online,Completed,791
O00791,C0171,2025-12-29,Store,Completed,792
O00792,C0195,2025-10-05,Online,Completed,793
O00793,C0085,2025-06-19,Online,Completed,794
O00794,C0192,2025-02-01,Store,Completed,795
O00795,C0060,2025-09-16,Online,Completed,796
O00796,C0201,2025-01-05,Online,Completed,797
O00797,C0055,2025-09-10,Online,Completed,798
O00798,C0100,2025-04-11,Online,Completed,799
O00799,C0249,2025-01-11,Store,Completed,800
O00800,C0107,2025-05-22,Store,Completed,801
O00801,C0137,2025-07-30,Store,Completed,802
O00802,C0156,2025-12-08,Online,Completed,803
O00803,C0105,2025-02-25,Store,Completed,804
O00804,C0267,2025-12-09,Store,Completed,805
O00805,C0241,2025-10-05,Online,Completed,806
O00806,C0025,2025-08-05,Online,Completed,807
O00807,C0180,2025-10-19,Store,Completed,808
O00808,C0159,2025-06-16,Store,Completed,809
O00809,C0097,2025-05-17,Online,Completed,810
O00810,C0101,2025-01-24,Store,Completed,811
O00811,C0136,2025-06-13,Store,Completed,812
O00812,C0264,2025-01-27,Store,Completed,813
O00813,C0119,2025-11-17,Store,Completed,814
O00814,C0098,2025-11-28,Online,Completed,815
O00815,C0180,2025-08-15,Online,Completed,816
O00816,C0245,2025-06-26,Store,Completed,817
O00817,C0258,2025-03-18,Store,Completed,818
O00818,C0067,2025-10-10,Store,Completed,819
O00819,C0252,2025-05-21,Online,Cancelled,820
O00820,C0286,2025-12-09,Online,Completed,821
O00821,C0180,2025-04-19,Store,Completed,822
O00822,C0184,2025-11-01,Store,Completed,823
O00823,C0067,2025-12-04,Store,Completed,824
O00824,C0065,2025-03-21,Store,Completed,825
O00825,C0109,2025-07-14,Store,Completed,826
O00826,C0235,2025-04-20,Store,Completed,827
O00827,C0238,2025-07-31,Store,Completed,828
O00828,C0075,2025-07-28,Online,Completed,829
O00829,C0192,2025-11-21,Online,Completed,830
O00830,C0255,2025-06-24,Online,Completed,831
O00831,C0089,2025-07-05,Online,Completed,832
O00832,C0095,2025-03-15,Online,Completed,833
O00833,C0056,2025-04-29,Store,Completed,834
O00834,C0107,2025-06-16,Online,Cancelled,835
O00835,C0145,2025-09-04,Online,Completed,836
O00836,C0291,2025-10-12,Store,Completed,837
O00837,C0038,2025-02-23,Store,Cancelled,838
O00838,C0224,2025-08-05,Store,Completed,839
O00839,C0217,2025-06-17,Store,Completed,840
O00840,C0017,2025-11-22,Store,Completed,841
O00841,C0141,2025-03-31,Online,Completed,842
O00842,C0251,2025-11-01,Store,Completed,843
O00843,C0062,2025-11-08,Online,Completed,844
O00844,C0026,2025-12-26,Online,Completed,845
O00845,C0066,2025-12-05,Online,Completed,846
O00846,C0227,2025-03-23,Store,Completed,847
O00847,C0187,2025-04-18,Online,Completed,848
O00848,C0101,2025-05-19,Online,Completed,849
O00849,C0292,2025-02-25,Store,Completed,850
O00850,C0011,2025-11-18,Online,Completed,851
O00851,C0006,2025-09-19,Store,Completed,852
O00852,C0039,2025-11-26,Online,Cancelled,853
O00853,C0151,2025-12-08,Online,Completed,854
O00854,C0121,2025-09-02,Online,Completed,855
O00855,C0244,2025-04-05,Online,Completed,856
O00856,C0151,2025-05-04,Store,Completed,857
O00857,C0032,2025-06-01,Online,Completed,858
O00858,C0091,2025-12-01,Store,Completed,859
O00859,C0004,2025-10-10,Online,Cancelled,860
O00860,C0140,2025-01-08,Online,Completed,861
O00861,C0102,2025-10-07,Online,Completed,862
O00862,C0257,2025-09-04,Online,Completed,863
O00863,C0047,2025-05-16,Store,Completed,864
O00864,C0173,2025-02-17,Store,Completed,865
O00865,C0226,2025-04-19,Store,Completed,866
O00866,C0278,2025-05-28,Online,Completed,867
O00867,C0194,2025-08-12,Store,Completed,868
O00868,C0196,2025-05-23,Online,Completed,869
O00869,C0210,2025-10-11,Online,Completed,870
O00870,C0266,2025-06-08,Store,Completed,871
O00871,C0017,2025-11-21,Store,Completed,872
O00872,C0299,2025-09-04,Store,Completed,873
O00873,C0063,2025-02-22,Online,Completed,874
O00874,C0207,2025-04-04,Store,Completed,875
O00875,C0173,2025-01-11,Online,Completed,876
O00876,C0122,2025-08-11,Online,Completed,877
O00877,C0199,2025-09-07,Store,Completed,878
O00878,C0011,2025-04-09,Store,Completed,879
O00879,C0088,2025-11-10,Store,Completed,880
O00880,C0128,2025-02-11,Online,Completed,881
O00881,C0249,2025-08-29,Online,Completed,882
O00882,C0230,2025-06-29,Store,Completed,883
O00883,C0205,2025-05-31,Store,Completed,884
O00884,C0125,2025-10-27,Online,Cancelled,885
O00885,C0099,2025-03-12,Store,Completed,886
O00886,C0130,2025-02-26,Online,Completed,887
O00887,C0247,2025-07-13,Online,Completed,888
O00888,C0224,2025-03-02,Store,Completed,889
O00889,C0177,2025-09-10,Store,Completed,890
O00890,C0107,2025-09-10,Online,Completed,891
O00891,C0197,2025-06-17,Store,Completed,892
O00892,C0104,2025-12-25,Online,Completed,893
O00893,C0191,2025-11-20,Store,Completed,894
O00894,C0063,2025-12-20,Store,Completed,895
O00895,C0029,2025-02-23,Store,Completed,896
O00896,C0041,2025-02-28,Store,Completed,897
O00897,C0075,2025-01-25,Store,Completed,898
O00898,C0160,2025-01-04,Online,Completed,899
O00899,C0286,2025-12-10,Store,Completed,900
O00900,C0243,2025-06-19,Online,Completed,901
O00901,C0054,2025-08-12,Store,Completed,902
O00902,C0030,2025-06-23,Online,Completed,903
O00903,C0089,2025-06-05,Online,Completed,904
O00904,C0182,2025-11-26,Store,Completed,905
O00905,C0149,2025-09-12,Store,Completed,906
O00906,C0253,2025-10-28,Online,Completed,907
O00907,C0287,2025-04-13,Online,Cancelled,908
O00908,C0008,2025-10-29,Online,Completed,909
O00909,C0265,2025-07-23,Online,Completed,910
O00910,C0062,2025-06-13,Online,Completed,911
O00911,C0119,2025-10-16,Online,Completed,912
O00912,C0036,2025-10-20,Store,Completed,913
O00913,C0069,2025-08-21,Online,Cancelled,914
O00914,C0051,2025-02-14,Online,Completed,915
O00915,C0225,2025-12-10,Store,Completed,916
O00916,C0124,2025-01-11,Online,Completed,917
O00917,C0071,2025-12-29,Store,Completed,918
O00918,C0235,2025-11-15,Online,Completed,919
O00919,C0264,2025-05-02,Online,Completed,920
O00920,C0214,2025-01-26,Store,Completed,921
O00921,C0023,2025-07-15,Store,Completed,922
O00922,C0235,2025-06-14,Online,Completed,923
O00923,C0131,2025-10-29,Store,Completed,924
O00924,C0203,2025-11-07,Store,Completed,925
O00925,C0005,2025-03-24,Store,Completed,926
O00926,C0300,2025-03-01,Online,Cancelled,927
O00927,C0189,2025-01-03,Online,Completed,928
O00928,C0175,2025-01-06,Store,Completed,929
O00929,C0089,2025-06-25,Online,Completed,930
O00930,C0103,2025-10-31,Store,Completed,931
O00931,C0173,2025-07-01,Online,Completed,932
O00932,C0143,2025-05-31,Store,Completed,933
O00933,C0216,2025-01-18,Store,Completed,934
O00934,C0095,2025-05-02,Online,Completed,935
O00935,C0273,2025-12-04,Store,Completed,936
O00936,C0182,2025-12-29,Online,Completed,937
O00937,C0083,2025-07-20,Online,Completed,938
O00938,C0209,2025-06-02,Store,Completed,939
O00939,C0155,2025-02-23,Store,Completed,940
O00940,C0223,2025-07-05,Online,Completed,941
O00941,C0053,2025-12-13,Store,Completed,942
O00942,C0128,2025-08-10,Store,Completed,943
O00943,C0190,2025-08-07,Online,Completed,944
O00944,C0061,2025-09-29,Online,Completed,945
O00945,C0198,2025-03-03,Online,Completed,946
O00946,C0159,2025-05-22,Store,Completed,947
O00947,C0084,2025-12-20,Store,Completed,948
O00948,C0147,2025-05-11,Store,Completed,949
O00949,C0085,2025-11-08,Store,Completed,950
O00950,C0231,2025-11-09,Online,Completed,951
O00951,C0066,2025-02-18,Store,Completed,952
O00952,C0093,2025-08-10,Online,Completed,953
O00953,C0227,2025-12-31,Online,Cancelled,954
O00954,C0186,2025-01-18,Store,Completed,955
O00955,C0014,2025-06-17,Store,Completed,956
O00956,C0132,2025-06-02,Store,Completed,957
O00957,C0160,2025-09-02,Store,Cancelled,958
O00958,C0241,2025-06-05,Online,Completed,959
O00959,C0235,2025-03-27,Online,Completed,960
O00960,C0034,2025-09-09,Online,Completed,961
O00961,C0179,2025-04-09,Store,Completed,962
O00962,C0195,2025-06-22,Online,Completed,963
O00963,C0126,2025-08-02,Online,Completed,964
O00964,C0139,2025-06-26,Store,Completed,965
O00965,C0167,2025-11-25,Online,Completed,966
O00966,C0275,2025-07-28,Store,Completed,967
O00967,C0132,2025-03-03,Online,Completed,968
O00968,C0087,2025-08-24,Store,Completed,969
O00969,C0149,2025-11-29,Online,Completed,970
O00970,C0260,2025-03-31,Online,Completed,971
O00971,C0075,2025-09-02,Store,Completed,972
O00972,C0071,2025-03-21,Store,Completed,973
O00973,C0135,2025-07-09,Online,Completed,974
O00974,C0113,2025-06-17,Online,Completed,975
O00975,C0264,2025-07-13,Store,Completed,976
O00976,C0046,2025-09-12,Store,Completed,977
O00977,C0170,2025-08-21,Store,Completed,978
O00978,C0281,2025-01-01,Online,Completed,979
O00979,C0168,2025-08-23,Store,Completed,980
O00980,C0255,2025-03-16,Store,Completed,981
O00981,C0174,2025-09-28,Online,Completed,982
O00982,C0207,2025-10-19,Online,Completed,983
O00983,C0064,2025-05-26,Online,Completed,984
O00984,C0034,2025-04-11,Online,Completed,985
O00985,C0214,2025-10-09,Store,Completed,986
O00986,C0072,2025-04-15,Store,Completed,987
O00987,C0204,2025-07-10,Store,Completed,988
O00988,C0134,2025-04-28,Store,Completed,989
O00989,C0226,2025-08-03,Store,Completed,990
O00990,C0007,2025-03-28,Online,Completed,991
O00991,C0062,2025-06-26,Online,Completed,992
O00992,C0068,2025-01-20,Store,Cancelled,993
O00993,C0090,2025-02-27,Store,Completed,994
O00994,C0194,2025-12-25,Store,Completed,995
O00995,C0109,2025-12-02,Online,Completed,996
O00996,C0182,2025-03-11,Store,Completed,997
O00997,C0079,2025-08-27,Store,Completed,998
O00998,C0110,2025-06-20,Online,Completed,999
O00999,C0233,2025-03-31,Store,Completed,1000
O01000,C0171,2025-08-03,Online,Completed,1001
O01001,C0256,2025-06-04,Online,Completed,1002
O01002,C0182,2025-06-01,Store,Completed,1003
O01003,C0063,2025-06-09,Store,Completed,1004
O01004,C0267,2025-09-12,Store,Completed,1005
O01005,C0211,2025-06-01,Online,Completed,1006
O01006,C0186,2025-04-24,Store,Completed,1007
O01007,C0242,2025-10-07,Store,Completed,1008
O01008,C0180,2025-12-16,Store,Completed,1009
O01009,C0210,2025-02-26,Online,Completed,1010
O01010,C0174,2025-06-22,Store,Completed,1011
O01011,C0037,2025-12-01,Store,Cancelled,1012
O01012,C0248,2025-07-07,Online,Completed,1013
O01013,C0260,2025-07-10,Store,Completed,1014
O01014,C0294,2025-09-10,Store,Completed,1015
O01015,C0233,2025-05-02,Online,Completed,1016
O01016,C0030,2025-12-13,Online,Completed,1017
O01017,C0075,2025-12-19,Online,Completed,1018
O01018,C0003,2025-03-26,Online,Completed,1019
O01019,C0121,2025-07-03,Online,Completed,1020
O01020,C0242,2025-01-12,Store,Completed,1021
O01021,C0201,2025-07-26,Online,Completed,1022
O01022,C0112,2025-07-03,Online,Completed,1023
O01023,C0181,2025-01-14,Store,Completed,1024
O01024,C0124,2025-09-04,Online,Cancelled,1025
O01025,C0060,2025-11-22,Online,Completed,1026
O01026,C0094,2025-10-19,Store,Completed,1027
O01027,C0243,2025-05-11,Online,Cancelled,1028
O01028,C0162,2025-11-27,Online,Completed,1029
O01029,C0017,2025-11-27,Store,Completed,1030
O01030,C0157,2025-06-14,Online,Completed,1031
O01031,C0230,2025-08-22,Online,Completed,1032
O01032,C0146,2025-04-06,Store,Completed,1033
O01033,C0227,2025-04-11,Online,Completed,1034
O01034,C0002,2025-02-10,Online,Completed,1035
O01035,C0279,2025-05-02,Online,Completed,1036
O01036,C0030,2025-04-09,Store,Completed,1037
O01037,C0218,2025-11-25,Store,Completed,1038
O01038,C0123,2025-03-16,Store,Completed,1039
O01039,C0243,2025-03-20,Store,Completed,1040
O01040,C0079,2025-11-25,Store,Completed,1041
O01041,C0079,2025-03-03,Online,Completed,1042
O01042,C0196,2025-04-10,Store,Completed,1043
O01043,C0053,2025-07-05,Store,Completed,1044
O01044,C0101,2025-12-28,Online,Completed,1045
O01045,C0278,2025-08-21,Store,Completed,1046
O01046,C0292,2025-12-08,Online,Completed,1047
O01047,C0231,2025-05-29,Online,Cancelled,1048
O01048,C0129,2025-08-31,Store,Completed,1049
O01049,C0045,2025-12-12,Store,Completed,1050
O01050,C0234,2025-05-27,Store,Completed,1051
O01051,C0037,2025-07-01,Store,Completed,1052
O01052,C0108,2025-09-13,Online,Completed,1053
O01053,C0183,2025-01-15,Online,Completed,1054
O01054,C0219,2025-10-07,Store,Completed,1055
O01055,C0272,2025-04-05,Store,Completed,1056
O01056,C0007,2025-03-23,Store,Completed,1057
O01057,C0074,2025-07-16,Online,Completed,1058
O01058,C0248,2025-08-01,Online,Completed,1059
O01059,C0201,2025-07-28,Online,Completed,1060
O01060,C0105,2025-12-19,Online,Completed,1061
O01061,C0288,2025-01-19,Store,Completed,1062
O01062,C0230,2025-07-02,Online,Completed,1063
O01063,C0129,2025-01-17,Store,Completed,1064
O01064,C0014,2025-07-15,Online,Completed,1065
O01065,C0196,2025-02-17,Store,Completed,1066
O01066,C0111,2025-10-23,Online,Cancelled,1067
O01067,C0287,2025-06-13,Store,Completed,1068
O01068,C0197,2025-10-29,Store,Completed,1069
O01069,C0162,2025-10-15,Store,Completed,1070
O01070,C0059,2025-10-26,Store,Completed,1071
O01071,C0117,2025-03-12,Store,Cancelled,1072
O01072,C0196,2025-12-10,Online,Completed,1073
O01073,C0226,2025-07-07,Online,Completed,1074
O01074,C0066,2025-07-15,Store,Completed,1075
O01075,C0088,2025-05-21,Store,Completed,1076
O01076,C0184,2025-09-02,Online,Completed,1077
O01077,C0099,2025-07-07,Online,Completed,1078
O01078,C0300,2025-10-28,Online,Completed,1079
O01079,C0289,2025-08-28,Store,Completed,1080
O01080,C0239,2025-04-20,Store,Completed,1081
O01081,C0239,2025-01-22,Store,Completed,1082
O01082,C0164,2025-01-31,Online,Completed,1083
O01083,C0127,2025-05-30,Online,Completed,1084
O01084,C0170,2025-05-21,Store,Completed,1085
O01085,C0068,2025-04-03,Store,Completed,1086
O01086,C0187,2025-06-04,Store,Completed,1087
O01087,C0046,2025-12-19,Store,Completed,1088
O01088,C0216,2025-04-17,Store,Completed,1089
O01089,C0174,2025-11-05,Online,Completed,1090
O01090,C0276,2025-03-17,Store,Completed,1091
O01091,C0060,2025-02-08,Store,Completed,1092
O01092,C0198,2025-12-19,Store,Completed,1093
O01093,C0205,2025-04-16,Store,Completed,1094
O01094,C0259,2025-11-24,Store,Completed,1095
O01095,C0122,2025-12-02,Online,Completed,1096
O01096,C0213,2025-03-04,Store,Completed,1097
O01097,C0147,2025-06-03,Store,Completed,1098
O01098,C0038,2025-03-24,Store,Completed,1099
O01099,C0152,2025-10-29,Online,Completed,1100
O01100,C0035,2025-09-04,Store,Completed,1101
O01101,C0258,2025-07-08,Store,Completed,1102
O01102,C0039,2025-07-11,Store,Completed,1103
O01103,C0182,2025-10-22,Online,Completed,1104
O01104,C0045,2025-08-26,Store,Completed,1105
O01105,C0229,2025-02-27,Online,Cancelled,1106
O01106,C0162,2025-04-10,Store,Completed,1107
O01107,C0265,2025-11-15,Store,Completed,1108
O01108,C0283,2025-05-11,Online,Completed,1109
O01109,C0289,2025-12-26,Online,Completed,1110
O01110,C0270,2025-01-06,Online,Completed,1111
O01111,C0036,2025-05-15,Online,Completed,1112
O01112,C0221,2025-06-02,Store,Completed,1113
O01113,C0221,2025-05-03,Store,Completed,1114
O01114,C0156,2025-10-15,Store,Completed,1115
O01115,C0220,2025-03-09,Store,Completed,1116
O01116,C0258,2025-09-13,Online,Completed,1117
O01117,C0268,2025-08-03,Store,Completed,1118
O01118,C0034,2025-08-02,Store,Completed,1119
O01119,C0066,2025-01-12,Store,Completed,1120
O01120,C0059,2025-09-23,Online,Completed,1121
O01121,C0150,2025-04-11,Online,Completed,1122
O01122,C0057,2025-05-13,Store,Completed,1123
O01123,C0044,2025-04-30,Store,Completed,1124
O01124,C0296,2025-10-15,Store,Completed,1125
O01125,C0283,2025-07-04,Online,Completed,1126
O01126,C0089,2025-08-20,Online,Completed,1127
O01127,C0040,2025-12-26,Online,Cancelled,1128
O01128,C0181,2025-09-30,Online,Completed,1129
O01129,C0204,2025-02-28,Store,Completed,1130
O01130,C0238,2025-04-03,Store,Completed,1131
O01131,C0077,2025-01-24,Store,Completed,1132
O01132,C0227,2025-09-16,Online,Completed,1133
O01133,C0244,2025-05-08,Store,Completed,1134
O01134,C0182,2025-02-17,Store,Completed,1135
O01135,C0058,2025-10-01,Store,Completed,1136
O01136,C0292,2025-10-09,Store,Completed,1137
O01137,C0285,2025-05-07,Online,Completed,1138
O01138,C0169,2025-12-15,Online,Cancelled,1139
O01139,C0231,2025-11-11,Online,Completed,1140
O01140,C0030,2025-09-27,Online,Completed,1141
O01141,C0186,2025-10-01,Store,Completed,1142
O01142,C0095,2025-05-28,Online,Completed,1143
O01143,C0057,2025-09-01,Online,Completed,1144
O01144,C0198,2025-10-23,Store,Completed,1145
O01145,C0131,2025-09-08,Online,Completed,1146
O01146,C0241,2025-09-12,Online,Cancelled,1147
O01147,C0138,2025-10-17,Store,Completed,1148
O01148,C0038,2025-05-22,Store,Completed,1149
O01149,C0253,2025-10-13,Online,Completed,1150
O01150,C0120,2025-06-22,Online,Completed,1151
O01151,C0155,2025-12-28,Online,Completed,1152
O01152,C0090,2025-10-19,Online,Cancelled,1153
O01153,C0239,2025-07-20,Store,Completed,1154
O01154,C0225,2025-12-09,Online,Completed,1155
O01155,C0197,2025-07-26,Online,Completed,1156
O01156,C0081,2025-02-09,Store,Completed,1157
O01157,C0218,2025-08-24,Store,Completed,1158
O01158,C0120,2025-10-26,Online,Completed,1159
O01159,C0044,2025-08-15,Online,Completed,1160
O01160,C0183,2025-06-27,Online,Completed,1161
O01161,C0224,2025-10-29,Online,Completed,1162
O01162,C0041,2025-05-01,Store,Completed,1163
O01163,C0151,2025-07-13,Online,Completed,1164
O01164,C0215,2025-07-12,Store,Completed,1165
O01165,C0081,2025-11-01,Store,Completed,1166
O01166,C0120,2025-10-25,Online,Completed,1167
O01167,C0222,2025-12-09,Store,Completed,1168
O01168,C0178,2025-10-20,Online,Completed,1169
O01169,C0150,2025-11-07,Online,Completed,1170
O01170,C0076,2025-03-08,Store,Cancelled,1171
O01171,C0176,2025-04-14,Store,Completed,1172
O01172,C0116,2025-08-22,Online,Completed,1173
O01173,C0023,2025-10-01,Online,Completed,1174
O01174,C0219,2025-08-12,Store,Completed,1175
O01175,C0291,2025-05-03,Store,Completed,1176
O01176,C0122,2025-08-05,Store,Completed,1177
O01177,C0015,2025-08-24,Online,Completed,1178
O01178,C0013,2025-10-13,Store,Completed,1179
O01179,C0252,2025-04-18,Online,Completed,1180
O01180,C0009,2025-07-01,Store,Completed,1181
O01181,C0148,2025-12-07,Online,Completed,1182
O01182,C0216,2025-08-05,Online,Completed,1183
O01183,C0182,2025-10-23,Store,Completed,1184
O01184,C0106,2025-08-26,Store,Completed,1185
O01185,C0094,2025-10-28,Online,Completed,1186
O01186,C0236,2025-06-13,Store,Completed,1187
O01187,C0292,2025-06-09,Store,Completed,1188
O01188,C0088,2025-09-17,Store,Completed,1189
O01189,C0146,2025-02-02,Online,Completed,1190
O01190,C0188,2025-04-03,Online,Completed,1191
O01191,C0176,2025-11-25,Online,Completed,1192
O01192,C0260,2025-08-26,Online,Completed,1193
O01193,C0158,2025-08-07,Online,Completed,1194
O01194,C0119,2025-11-06,Online,Completed,1195
O01195,C0265,2025-04-13,Online,Completed,1196
O01196,C0087,2025-11-18,Online,Completed,1197
O01197,C0063,2025-09-05,Store,Completed,1198
O01198,C0138,2025-12-29,Online,Completed,1199
O01199,C0083,2025-05-04,Store,Completed,1200
O01200,C0171,2025-04-03,Store,Completed,1201
O01201,C0183,2025-04-14,Online,Completed,1202
O01202,C0173,2025-08-28,Online,Completed,1203
O01203,C0073,2025-09-11,Online,Completed,1204
O01204,C0111,2025-01-31,Online,Completed,1205
O01205,C0110,2025-03-13,Online,Completed,1206
O01206,C0227,2025-10-31,Store,Completed,1207
O01207,C0152,2025-07-09,Store,Completed,1208
O01208,C0023,2025-07-26,Online,Completed,1209
O01209,C0156,2025-06-18,Store,Completed,1210
O01210,C0139,2025-07-26,Online,Completed,1211
O01211,C0158,2025-01-01,Store,Completed,1212
O01212,C0180,2025-10-03,Store,Completed,1213
O01213,C0003,2025-01-15,Online,Completed,1214
O01214,C0261,2025-01-28,Online,Completed,1215
O01215,C0192,2025-01-20,Store,Cancelled,1216
O01216,C0163,2025-05-22,Store,Completed,1217
O01217,C0179,2025-03-18,Online,Completed,1218
O01218,C0006,2025-09-17,Store,Completed,1219
O01219,C0139,2025-03-09,Store,Completed,1220
O01220,C0094,2025-01-07,Store,Completed,1221
O01221,C0178,2025-07-26,Online,Completed,1222
O01222,C0084,2025-07-31,Online,Completed,1223
O01223,C0268,2025-12-14,Online,Completed,1224
O01224,C0076,2025-10-01,Online,Completed,1225
O01225,C0214,2025-10-13,Online,Completed,1226
O01226,C0295,2025-02-09,Store,Completed,1227
O01227,C0206,2025-10-28,Store,Completed,1228
O01228,C0105,2025-02-11,Store,Completed,1229
O01229,C0004,2025-06-04,Online,Completed,1230
O01230,C0256,2025-08-21,Online,Completed,1231
O01231,C0112,2025-02-13,Online,Completed,1232
O01232,C0271,2025-12-13,Store,Completed,1233
O01233,C0263,2025-08-16,Online,Completed,1234
O01234,C0152,2025-08-10,Online,Completed,1235
O01235,C0256,2025-01-24,Store,Completed,1236
O01236,C0276,2025-02-02,Online,Completed,1237
O01237,C0147,2025-07-24,Store,Cancelled,1238
O01238,C0129,2025-05-20,Online,Completed,1239
O01239,C0263,2025-05-16,Online,Completed,1240
O01240,C0063,2025-12-09,Store,Completed,1241
O01241,C0017,2025-04-04,Store,Completed,1242
O01242,C0224,2025-10-23,Online,Completed,1243
O01243,C0079,2025-07-09,Online,Completed,1244
O01244,C0245,2025-11-05,Online,Completed,1245
O01245,C0008,2025-11-23,Store,Completed,1246
O01246,C0251,2025-12-30,Online,Completed,1247
O01247,C0198,2025-08-21,Store,Completed,1248
O01248,C0278,2025-04-07,Online,Completed,1249
O01249,C0226,2025-07-20,Store,Completed,1250
O01250,C0172,2025-03-19,Store,Completed,1251
O01251,C0076,2025-08-10,Store,Completed,1252
O01252,C0119,2025-11-08,Online,Completed,1253
O01253,C0009,2025-07-18,Store,Completed,1254
O01254,C0048,2025-05-06,Online,Completed,1255
O01255,C0254,2025-07-27,Store,Completed,1256
O01256,C0082,2025-09-01,Online,Completed,1257
O01257,C0110,2025-12-20,Online,Completed,1258
O01258,C0088,2025-06-06,Online,Completed,1259
O01259,C0110,2025-12-10,Online,Completed,1260
O01260,C0091,2025-01-31,Online,Completed,1261
O01261,C0138,2025-10-08,Online,Completed,1262
O01262,C0030,2025-03-28,Store,Completed,1263
O01263,C0199,2025-03-21,Store,Completed,1264
O01264,C0269,2025-02-01,Store,Completed,1265
O01265,C0210,2025-12-06,Store,Completed,1266
O01266,C0087,2025-04-17,Store,Completed,1267
O01267,C0222,2025-03-15,Store,Completed,1268
O01268,C0192,2025-12-13,Online,Completed,1269
O01269,C0225,2025-06-09,Online,Completed,1270
O01270,C0238,2025-09-10,Online,Cancelled,1271
O01271,C0054,2025-08-24,Store,Cancelled,1272
O01272,C0194,2025-11-14,Store,Completed,1273
O01273,C0145,2025-12-18,Store,Completed,1274
O01274,C0099,2025-06-03,Online,Completed,1275
O01275,C0129,2025-09-12,Online,Completed,1276
O01276,C0013,2025-02-09,Online,Completed,1277
O01277,C0004,2025-02-16,Store,Completed,1278
O01278,C0139,2025-10-06,Store,Completed,1279
O01279,C0036,2025-05-20,Store,Completed,1280
O01280,C0074,2025-02-16,Online,Cancelled,1281
O01281,C0171,2025-09-08,Store,Completed,1282
O01282,C0132,2025-06-10,Online,Completed,1283
O01283,C0094,2025-04-07,Store,Completed,1284
O01284,C0063,2025-06-07,Store,Completed,1285
O01285,C0241,2025-10-25,Online,Completed,1286
O01286,C0027,2025-10-15,Store,Completed,1287
O01287,C0168,2025-04-23,Store,Completed,1288
O01288,C0292,2025-10-18,Store,Completed,1289
O01289,C0217,2025-04-06,Store,Completed,1290
O01290,C0252,2025-10-06,Online,Completed,1291
O01291,C0125,2025-09-18,Online,Completed,1292
O01292,C0159,2025-02-09,Store,Completed,1293
O01293,C0197,2025-04-08,Store,Completed,1294
O01294,C0071,2025-02-02,Store,Completed,1295
O01295,C0162,2025-06-10,Store,Completed,1296
O01296,C0293,2025-01-06,Online,Completed,1297
O01297,C0261,2025-10-09,Store,Cancelled,1298
O01298,C0179,2025-10-30,Store,Cancelled,1299
O01299,C0251,2025-10-17,Online,Completed,1300
O01300,C0061,2025-02-09,Store,Completed,1301
O01301,C0090,2025-12-04,Store,Completed,1302
O01302,C0227,2025-03-24,Store,Completed,1303
O01303,C0059,2025-05-02,Store,Completed,1304
O01304,C0277,2025-11-06,Online,Completed,1305
O01305,C0069,2025-11-04,Online,Completed,1306
O01306,C0040,2025-08-05,Store,Completed,1307
O01307,C0013,2025-05-27,Store,Completed,1308
O01308,C0193,2025-10-26,Online,Completed,1309
O01309,C0092,2025-02-22,Online,Completed,1310
O01310,C0140,2025-10-25,Store,Completed,1311
O01311,C0162,2025-07-15,Store,Completed,1312
O01312,C0246,2025-10-20,Store,Completed,1313
O01313,C0287,2025-03-02,Online,Completed,1314
O01314,C0008,2025-08-30,Online,Completed,1315
O01315,C0233,2025-09-19,Store,Completed,1316
O01316,C0202,2025-03-19,Store,Cancelled,1317
O01317,C0110,2025-07-24,Online,Completed,1318
O01318,C0097,2025-12-15,Online,Cancelled,1319
O01319,C0029,2025-12-07,Online,Completed,1320
O01320,C0277,2025-03-19,Online,Completed,1321
O01321,C0078,2025-04-27,Online,Completed,1322
O01322,C0276,2025-09-09,Store,Completed,1323
O01323,C0071,2025-01-04,Online,Completed,1324
O01324,C0122,2025-06-05,Online,Completed,1325
O01325,C0198,2025-06-03,Online,Completed,1326
O01326,C0204,2025-08-19,Store,Completed,1327
O01327,C0205,2025-05-13,Online,Completed,1328
O01328,C0058,2025-08-03,Store,Completed,1329
O01329,C0079,2025-02-15,Store,Completed,1330
O01330,C0178,2025-02-13,Store,Cancelled,1331
O01331,C0155,2025-08-13,Online,Completed,1332
O01332,C0048,2025-09-02,Online,Completed,1333
O01333,C0028,2025-07-16,Store,Completed,1334
O01334,C0128,2025-08-16,Store,Completed,1335
O01335,C0053,2025-02-08,Online,Completed,1336
O01336,C0242,2025-09-12,Online,Completed,1337
O01337,C0175,2025-08-19,Store,Completed,1338
O01338,C0288,2025-01-20,Store,Cancelled,1339
O01339,C0028,2025-10-02,Online,Completed,1340
O01340,C0184,2025-06-24,Store,Completed,1341
O01341,C0225,2025-01-28,Store,Completed,1342
O01342,C0225,2025-03-15,Online,Completed,1343
O01343,C0205,2025-02-25,Store,Cancelled,1344
O01344,C0119,2025-10-18,Online,Completed,1345
O01345,C0027,2025-01-20,Store,Completed,1346
O01346,C0133,2025-10-03,Store,Completed,1347
O01347,C0047,2025-07-22,Store,Completed,1348
O01348,C0009,2025-07-24,Store,Completed,1349
O01349,C0297,2025-07-25,Online,Completed,1350
O01350,C0184,2025-11-20,Store,Completed,1351
O01351,C0255,2025-09-07,Store,Completed,1352
O01352,C0230,2025-04-26,Store,Completed,1353
O01353,C0023,2025-03-08,Online,Completed,1354
O01354,C0296,2025-09-03,Online,Completed,1355
O01355,C0009,2025-05-13,Online,Completed,1356
O01356,C0161,2025-02-01,Store,Completed,1357
O01357,C0257,2025-07-18,Store,Completed,1358
O01358,C0129,2025-09-01,Store,Cancelled,1359
O01359,C0191,2025-12-19,Online,Completed,1360
O01360,C0142,2025-06-08,Online,Completed,1361
O01361,C0050,2025-07-27,Online,Completed,1362
O01362,C0245,2025-05-09,Online,Completed,1363
O01363,C0300,2025-11-25,Online,Completed,1364
O01364,C0117,2025-08-03,Store,Completed,1365
O01365,C0163,2025-07-31,Store,Completed,1366
O01366,C0216,2025-10-26,Online,Completed,1367
O01367,C0035,2025-04-02,Online,Completed,1368
O01368,C0060,2025-08-22,Store,Completed,1369
O01369,C0220,2025-12-22,Online,Completed,1370
O01370,C0169,2025-03-04,Store,Cancelled,1371
O01371,C0095,2025-02-05,Store,Completed,1372
O01372,C0142,2025-03-20,Online,Cancelled,1373
O01373,C0047,2025-06-22,Online,Completed,1374
O01374,C0147,2025-09-21,Store,Completed,1375
O01375,C0005,2025-04-27,Online,Completed,1376
O01376,C0054,2025-05-16,Online,Completed,1377
O01377,C0261,2025-10-16,Store,Cancelled,1378
O01378,C0198,2025-07-04,Online,Completed,1379
O01379,C0045,2025-04-04,Store,Completed,1380
O01380,C0270,2025-01-11,Online,Completed,1381
O01381,C0001,2025-06-08,Store,Completed,1382
O01382,C0075,2025-04-25,Store,Completed,1383
O01383,C0146,2025-07-21,Store,Completed,1384
O01384,C0085,2025-02-21,Online,Completed,1385
O01385,C0033,2025-04-12,Store,Completed,1386
O01386,C0247,2025-11-10,Store,Completed,1387
O01387,C0266,2025-06-26,Online,Completed,1388
O01388,C0038,2025-01-31,Online,Completed,1389
O01389,C0018,2025-10-09,Online,Completed,1390
O01390,C0279,2025-02-17,Store,Completed,1391
O01391,C0029,2025-01-08,Store,Completed,1392
O01392,C0169,2025-07-07,Store,Completed,1393
O01393,C0183,2025-09-14,Online,Completed,1394
O01394,C0187,2025-04-14,Store,Cancelled,1395
O01395,C0215,2025-02-02,Store,Completed,1396
O01396,C0113,2025-11-13,Store,Cancelled,1397
O01397,C0081,2025-09-16,Store,Cancelled,1398
O01398,C0264,2025-06-10,Online,Completed,1399
O01399,C0141,2025-08-12,Online,Completed,1400
O01400,C0147,2025-12-29,Online,Completed,1401
O01401,C0053,2025-02-06,Store,Completed,1402
O01402,C0278,2025-04-16,Online,Completed,1403
O01403,C0071,2025-02-20,Store,Completed,1404
O01404,C0045,2025-03-26,Online,Completed,1405
O01405,C0274,2025-06-12,Online,Cancelled,1406
O01406,C0269,2025-11-10,Store,Completed,1407
O01407,C0007,2025-07-31,Store,Completed,1408
O01408,C0053,2025-03-29,Store,Completed,1409
O01409,C0095,2025-08-16,Online,Cancelled,1410
O01410,C0090,2025-05-15,Online,Completed,1411
O01411,C0092,2025-10-07,Online,Completed,1412
O01412,C0156,2025-12-11,Online,Completed,1413
O01413,C0206,2025-10-02,Store,Completed,1414
O01414,C0018,2025-12-14,Online,Completed,1415
O01415,C0204,2025-02-16,Store,Completed,1416
O01416,C0173,2025-08-26,Online,Completed,1417
O01417,C0138,2025-04-29,Store,Completed,1418
O01418,C0222,2025-05-06,Store,Completed,1419
O01419,C0086,2025-02-09,Online,Completed,1420
O01420,C0244,2025-04-27,Store,Cancelled,1421
O01421,C0026,2025-02-12,Store,Completed,1422
O01422,C0224,2025-09-14,Store,Completed,1423
O01423,C0264,2025-01-27,Online,Completed,1424
O01424,C0049,2025-07-02,Store,Completed,1425
O01425,C0050,2025-07-06,Store,Completed,1426
O01426,C0179,2025-10-19,Online,Completed,1427
O01427,C0041,2025-11-10,Online,Completed,1428
O01428,C0076,2025-12-28,Store,Completed,1429
O01429,C0062,2025-03-03,Store,Completed,1430
O01430,C0031,2025-07-18,Store,Cancelled,1431
O01431,C0293,2025-09-15,Store,Completed,1432
O01432,C0195,2025-04-23,Online,Completed,1433
O01433,C0265,2025-01-17,Online,Completed,1434
O01434,C0021,2025-10-15,Store,Cancelled,1435
O01435,C0070,2025-03-18,Online,Completed,1436
O01436,C0229,2025-05-17,Online,Completed,1437
O01437,C0094,2025-12-08,Online,Completed,1438
O01438,C0264,2025-04-01,Store,Completed,1439
O01439,C0177,2025-08-07,Store,Completed,1440
O01440,C0106,2025-01-16,Store,Completed,1441
O01441,C0208,2025-11-23,Online,Completed,1442
O01442,C0240,2025-09-10,Online,Completed,1443
O01443,C0043,2025-05-31,Online,Completed,1444
O01444,C0046,2025-06-11,Online,Completed,1445
O01445,C0056,2025-10-09,Store,Completed,1446
O01446,C0190,2025-10-30,Store,Completed,1447
O01447,C0249,2025-12-29,Online,Completed,1448
O01448,C0052,2025-08-21,Online,Completed,1449
O01449,C0252,2025-01-11,Store,Completed,1450
O01450,C0251,2025-04-06,Online,Completed,1451
O01451,C0266,2025-10-29,Online,Completed,1452
O01452,C0183,2025-11-08,Online,Cancelled,1453
O01453,C0262,2025-09-03,Online,Completed,1454
O01454,C0083,2025-04-04,Online,Completed,1455
O01455,C0285,2025-08-22,Store,Completed,1456
O01456,C0219,2025-06-30,Store,Completed,1457
O01457,C0248,2025-06-19,Store,Completed,1458
O01458,C0038,2025-11-25,Online,Completed,1459
O01459,C0158,2025-04-10,Online,Completed,1460
O01460,C0109,2025-09-10,Online,Completed,1461
O01461,C0100,2025-04-24,Store,Completed,1462
O01462,C0256,2025-11-22,Online,Completed,1463
O01463,C0004,2025-11-23,Online,Completed,1464
O01464,C0120,2025-01-15,Store,Completed,1465
O01465,C0031,2025-07-28,Online,Completed,1466
O01466,C0193,2025-07-16,Store,Completed,1467
O01467,C0011,2025-01-29,Online,Completed,1468
O01468,C0239,2025-05-12,Online,Completed,1469
O01469,C0124,2025-10-18,Online,Cancelled,1470
O01470,C0115,2025-01-15,Store,Completed,1471
O01471,C0144,2025-01-01,Store,Completed,1472
O01472,C0273,2025-03-23,Store,Cancelled,1473
O01473,C0077,2025-12-28,Online,Completed,1474
O01474,C0142,2025-09-14,Store,Completed,1475
O01475,C0093,2025-03-25,Online,Cancelled,1476
O01476,C0108,2025-11-19,Store,Completed,1477
O01477,C0264,2025-04-06,Store,Completed,1478
O01478,C0160,2025-08-17,Store,Completed,1479
O01479,C0051,2025-06-04,Online,Completed,1480
O01480,C0282,2025-09-07,Online,Completed,1481
O01481,C0233,2025-12-09,Store,Completed,1482
O01482,C0052,2025-07-03,Store,Cancelled,1483
O01483,C0178,2025-08-23,Online,Completed,1484
O01484,C0055,2025-02-14,Store,Completed,1485
O01485,C0081,2025-01-14,Online,Completed,1486
O01486,C0074,2025-02-13,Store,Completed,1487
O01487,C0165,2025-05-03,Online,Completed,1488
O01488,C0120,2025-08-05,Online,Completed,1489
O01489,C0294,2025-07-31,Online,Completed,1490
O01490,C0053,2025-10-10,Online,Completed,1491
O01491,C0193,2025-06-07,Store,Completed,1492
O01492,C0032,2025-07-01,Store,Completed,1493
O01493,C0121,2025-06-22,Online,Completed,1494
O01494,C0044,2025-09-27,Store,Completed,1495
O01495,C0137,2025-03-09,Store,Completed,1496
O01496,C0067,2025-12-13,Store,Completed,1497
O01497,C0248,2025-02-14,Online,Completed,1498
O01498,C0030,2025-11-07,Online,Completed,1499
O01499,C0051,2025-06-17,Store,Cancelled,1500
O01500,C0183,2025-10-17,Store,Completed,1501
O01501,C0226,2025-12-16,Online,Completed,1502
O01502,C0212,2025-12-12,Online,Completed,1503
O01503,C0158,2025-10-12,Online,Cancelled,1504
O01504,C0102,2025-01-20,Store,Completed,1505
O01505,C0239,2025-02-01,Online,Completed,1506
O01506,C0129,2025-04-17,Online,Completed,1507
O01507,C0236,2025-05-16,Online,Completed,1508
O01508,C0140,2025-11-20,Store,Completed,1509
O01509,C0007,2025-01-29,Store,Completed,1510
O01510,C0142,2025-11-19,Store,Completed,1511
O01511,C0012,2025-07-05,Online,Completed,1512
O01512,C0073,2025-02-06,Store,Completed,1513
O01513,C0179,2025-01-25,Online,Completed,1514
O01514,C0007,2025-04-06,Store,Completed,1515
O01515,C0265,2025-01-04,Online,Completed,1516
O01516,C0024,2025-02-24,Store,Completed,1517
O01517,C0054,2025-07-26,Online,Completed,1518
O01518,C0012,2025-07-09,Store,Cancelled,1519
O01519,C0156,2025-09-26,Online,Completed,1520
O01520,C0084,2025-12-05,Online,Completed,1521
O01521,C0009,2025-11-09,Store,Cancelled,1522
O01522,C0291,2025-07-03,Store,Completed,1523
O01523,C0142,2025-03-12,Online,Completed,1524
O01524,C0153,2025-04-02,Online,Completed,1525
O01525,C0282,2025-06-14,Online,Completed,1526
O01526,C0279,2025-10-08,Online,Completed,1527
O01527,C0031,2025-08-26,Store,Completed,1528
O01528,C0089,2025-12-02,Online,Completed,1529
O01529,C0036,2025-10-05,Store,Completed,1530
O01530,C0241,2025-04-26,Store,Cancelled,1531
O01531,C0141,2025-04-14,Online,Completed,1532
O01532,C0278,2025-03-29,Store,Cancelled,1533
O01533,C0211,2025-06-05,Online,Completed,1534
O01534,C0267,2025-07-28,Online,Completed,1535
O01535,C0040,2025-12-23,Online,Completed,1536
O01536,C0285,2025-08-25,Store,Completed,1537
O01537,C0132,2025-07-23,Online,Completed,1538
O01538,C0081,2025-10-16,Store,Completed,1539
O01539,C0149,2025-07-25,Online,Completed,1540
O01540,C0116,2025-10-04,Store,Completed,1541
O01541,C0177,2025-06-25,Online,Completed,1542
O01542,C0184,2025-10-21,Online,Completed,1543
O01543,C0269,2025-12-04,Store,Completed,1544
O01544,C0221,2025-08-22,Store,Completed,1545
O01545,C0228,2025-05-18,Online,Completed,1546
O01546,C0191,2025-03-07,Online,Completed,1547
O01547,C0197,2025-09-19,Online,Completed,1548
O01548,C0015,2025-11-11,Store,Completed,1549
O01549,C0209,2025-10-02,Online,Completed,1550
O01550,C0109,2025-11-14,Online,Completed,1551
O01551,C0197,2025-08-18,Online,Completed,1552
O01552,C0070,2025-11-23,Store,Completed,1553
O01553,C0253,2025-10-12,Online,Completed,1554
O01554,C0046,2025-06-02,Online,Completed,1555
O01555,C0104,2025-01-30,Store,Completed,1556
O01556,C0217,2025-02-23,Store,Completed,1557
O01557,C0139,2025-07-04,Online,Completed,1558
O01558,C0257,2025-02-08,Store,Completed,1559
O01559,C0099,2025-03-07,Online,Completed,1560
O01560,C0294,2025-11-11,Online,Completed,1561
O01561,C0047,2025-04-21,Store,Completed,1562
O01562,C0294,2025-04-21,Store,Completed,1563
O01563,C0130,2025-03-12,Store,Completed,1564
O01564,C0291,2025-06-07,Store,Completed,1565
O01565,C0192,2025-12-04,Store,Completed,1566
O01566,C0017,2025-07-01,Store,Completed,1567
O01567,C0102,2025-06-28,Store,Completed,1568
O01568,C0027,2025-06-12,Online,Completed,1569
O01569,C0119,2025-08-18,Online,Completed,1570
O01570,C0146,2025-07-15,Store,Completed,1571
O01571,C0092,2025-12-30,Online,Completed,1572
O01572,C0079,2025-11-15,Store,Completed,1573
O01573,C0268,2025-11-01,Online,Completed,1574
O01574,C0294,2025-11-24,Online,Completed,1575
O01575,C0215,2025-11-04,Store,Completed,1576
O01576,C0232,2025-10-14,Store,Cancelled,1577
O01577,C0136,2025-08-19,Store,Completed,1578
O01578,C0047,2025-10-28,Online,Completed,1579
O01579,C0205,2025-03-09,Store,Completed,1580
O01580,C0223,2025-12-03,Store,Completed,1581
O01581,C0203,2025-08-15,Online,Completed,1582
O01582,C0182,2025-08-09,Online,Completed,1583
O01583,C0134,2025-03-25,Online,Completed,1584
O01584,C0240,2025-02-25,Online,Completed,1585
O01585,C0051,2025-11-26,Online,Completed,1586
O01586,C0267,2025-10-22,Store,Completed,1587
O01587,C0141,2025-04-25,Store,Completed,1588
O01588,C0227,2025-02-18,Store,Completed,1589
O01589,C0026,2025-08-15,Online,Completed,1590
O01590,C0019,2025-01-21,Store,Completed,1591
O01591,C0131,2025-07-18,Online,Completed,1592
O01592,C0212,2025-08-14,Store,Completed,1593
O01593,C0105,2025-05-26,Store,Cancelled,1594
O01594,C0218,2025-09-19,Store,Cancelled,1595
O01595,C0059,2025-06-23,Store,Completed,1596
O01596,C0158,2025-10-24,Online,Completed,1597
O01597,C0031,2025-10-31,Online,Completed,1598
O01598,C0143,2025-02-28,Online,Completed,1599
O01599,C0084,2025-09-28,Store,Completed,1600
O01600,C0233,2025-04-14,Online,Completed,1601
O01601,C0244,2025-05-26,Online,Completed,1602
O01602,C0277,2025-03-26,Store,Completed,1603
O01603,C0157,2025-06-21,Store,Completed,1604
O01604,C0144,2025-06-04,Store,Completed,1605
O01605,C0219,2025-10-26,Online,Completed,1606
O01606,C0175,2025-04-01,Store,Completed,1607
O01607,C0163,2025-05-07,Online,Cancelled,1608
O01608,C0189,2025-10-15,Online,Completed,1609
O01609,C0075,2025-09-02,Store,Completed,1610
O01610,C0080,2025-02-12,Store,Completed,1611
O01611,C0153,2025-05-24,Store,Cancelled,1612
O01612,C0054,2025-08-11,Online,Completed,1613
O01613,C0263,2025-09-02,Online,Completed,1614
O01614,C0076,2025-08-24,Store,Completed,1615
O01615,C0080,2025-07-24,Online,Completed,1616
O01616,C0161,2025-09-27,Store,Completed,1617
O01617,C0072,2025-07-18,Store,Completed,1618
O01618,C0119,2025-12-18,Online,Completed,1619
O01619,C0095,2025-02-03,Online,Completed,1620
O01620,C0296,2025-02-17,Store,Completed,1621
O01621,C0134,2025-01-05,Online,Completed,1622
O01622,C0162,2025-12-15,Store,Completed,1623
O01623,C0050,2025-11-15,Store,Completed,1624
O01624,C0116,2025-11-12,Online,Completed,1625
O01625,C0114,2025-01-05,Online,Completed,1626
O01626,C0218,2025-08-14,Store,Completed,1627
O01627,C0274,2025-04-26,Store,Completed,1628
O01628,C0167,2025-01-04,Store,Completed,1629
O01629,C0240,2025-01-14,Store,Completed,1630
O01630,C0111,2025-06-07,Online,Completed,1631
O01631,C0015,2025-06-04,Store,Completed,1632
O01632,C0087,2025-04-23,Online,Completed,1633
O01633,C0237,2025-02-04,Store,Completed,1634
O01634,C0151,2025-06-25,Store,Completed,1635
O01635,C0199,2025-04-08,Online,Completed,1636
O01636,C0097,2025-05-03,Online,Completed,1637
O01637,C0221,2025-11-22,Store,Completed,1638
O01638,C0051,2025-09-22,Store,Completed,1639
O01639,C0001,2025-09-30,Store,Completed,1640
O01640,C0071,2025-05-02,Store,Completed,1641
O01641,C0147,2025-08-29,Online,Completed,1642
O01642,C0219,2025-01-05,Online,Completed,1643
O01643,C0008,2025-06-11,Store,Completed,1644
O01644,C0272,2025-04-14,Store,Completed,1645
O01645,C0224,2025-11-12,Store,Completed,1646
O01646,C0298,2025-01-24,Store,Completed,1647
O01647,C0262,2025-12-21,Store,Cancelled,1648
O01648,C0050,2025-06-28,Online,Completed,1649
O01649,C0043,2025-06-15,Online,Completed,1650
O01650,C0283,2025-08-21,Online,Completed,1651
O01651,C0281,2025-06-08,Online,Completed,1652
O01652,C0273,2025-10-15,Store,Completed,1653
O01653,C0199,2025-01-16,Store,Completed,1654
O01654,C0177,2025-11-19,Online,Completed,1655
O01655,C0244,2025-09-25,Store,Completed,1656
O01656,C0169,2025-12-23,Online,Completed,1657
O01657,C0092,2025-09-28,Online,Completed,1658
O01658,C0133,2025-01-14,Online,Completed,1659
O01659,C0282,2025-04-15,Store,Completed,1660
O01660,C0167,2025-03-07,Online,Completed,1661
O01661,C0134,2025-02-03,Online,Cancelled,1662
O01662,C0047,2025-09-02,Store,Completed,1663
O01663,C0298,2025-05-18,Online,Completed,1664
O01664,C0245,2025-01-29,Store,Completed,1665
O01665,C0195,2025-02-25,Online,Completed,1666
O01666,C0224,2025-01-30,Store,Completed,1667
O01667,C0115,2025-04-03,Online,Cancelled,1668
O01668,C0193,2025-03-16,Online,Completed,1669
O01669,C0094,2025-04-22,Store,Completed,1670
O01670,C0291,2025-06-08,Store,Completed,1671
O01671,C0190,2025-05-08,Online,Completed,1672
O01672,C0072,2025-12-14,Store,Completed,1673
O01673,C0152,2025-05-07,Store,Completed,1674
O01674,C0071,2025-07-17,Store,Completed,1675
O01675,C0080,2025-03-02,Store,Completed,1676
O01676,C0275,2025-12-26,Store,Completed,1677
O01677,C0048,2025-04-12,Online,Completed,1678
O01678,C0087,2025-01-19,Online,Completed,1679
O01679,C0200,2025-09-30,Online,Completed,1680
O01680,C0156,2025-01-26,Online,Cancelled,1681
O01681,C0024,2025-02-12,Online,Completed,1682
O01682,C0227,2025-03-14,Online,Completed,1683
O01683,C0154,2025-04-23,Store,Cancelled,1684
O01684,C0206,2025-09-12,Online,Completed,1685
O01685,C0111,2025-04-09,Online,Completed,1686
O01686,C0023,2025-07-07,Online,Completed,1687
O01687,C0139,2025-11-20,Online,Completed,1688
O01688,C0259,2025-07-11,Online,Completed,1689
O01689,C0257,2025-09-12,Online,Completed,1690
O01690,C0140,2025-05-26,Online,Completed,1691
O01691,C0182,2025-01-14,Store,Completed,1692
O01692,C0169,2025-09-08,Online,Completed,1693
O01693,C0128,2025-06-22,Store,Completed,1694
O01694,C0093,2025-10-08,Online,Completed,1695
O01695,C0010,2025-04-29,Store,Cancelled,1696
O01696,C0240,2025-01-14,Online,Completed,1697
O01697,C0022,2025-06-01,Online,Completed,1698
O01698,C0016,2025-10-06,Online,Completed,1699
O01699,C0066,2025-12-03,Store,Completed,1700
O01700,C0282,2025-11-04,Online,Completed,1701
O01701,C0158,2025-06-18,Store,Cancelled,1702
O01702,C0208,2025-08-15,Online,Completed,1703
O01703,C0071,2025-07-30,Online,Completed,1704
O01704,C0058,2025-09-20,Online,Completed,1705
O01705,C0169,2025-06-11,Online,Completed,1706
O01706,C0221,2025-05-12,Online,Completed,1707
O01707,C0086,2025-11-23,Online,Completed,1708
O01708,C0062,2025-01-01,Online,Completed,1709
O01709,C0100,2025-12-05,Store,Completed,1710
O01710,C0172,2025-11-27,Online,Completed,1711
O01711,C0275,2025-06-02,Online,Completed,1712
O01712,C0083,2025-03-02,Store,Completed,1713
O01713,C0119,2025-02-04,Store,Completed,1714
O01714,C0285,2025-09-12,Online,Completed,1715
O01715,C0075,2025-12-02,Store,Completed,1716
O01716,C0183,2025-03-09,Online,Completed,1717
O01717,C0180,2025-10-18,Online,Completed,1718
O01718,C0192,2025-04-02,Online,Completed,1719
O01719,C0214,2025-05-09,Online,Completed,1720
O01720,C0268,2025-11-14,Store,Completed,1721
O01721,C0139,2025-01-31,Store,Cancelled,1722
O01722,C0271,2025-12-17,Online,Completed,1723
O01723,C0158,2025-10-01,Online,Completed,1724
O01724,C0254,2025-01-31,Online,Completed,1725
O01725,C0157,2025-12-17,Online,Completed,1726
O01726,C0245,2025-09-08,Online,Completed,1727
O01727,C0149,2025-04-01,Store,Completed,1728
O01728,C0262,2025-05-05,Store,Completed,1729
O01729,C0133,2025-02-13,Store,Completed,1730
O01730,C0077,2025-06-20,Store,Completed,1731
O01731,C0202,2025-08-25,Store,Completed,1732
O01732,C0182,2025-03-18,Store,Completed,1733
O01733,C0192,2025-08-27,Online,Completed,1734
O01734,C0172,2025-07-29,Online,Completed,1735
O01735,C0299,2025-02-13,Online,Completed,1736
O01736,C0192,2025-02-27,Online,Completed,1737
O01737,C0286,2025-05-11,Online,Completed,1738
O01738,C0212,2025-03-11,Store,Completed,1739
O01739,C0293,2025-10-09,Store,Completed,1740
O01740,C0168,2025-03-17,Store,Completed,1741
O01741,C0184,2025-03-22,Online,Completed,1742
O01742,C0214,2025-09-24,Store,Completed,1743
O01743,C0226,2025-06-15,Store,Completed,1744
O01744,C0191,2025-07-22,Online,Completed,1745
O01745,C0101,2025-05-06,Store,Cancelled,1746
O01746,C0237,2025-05-04,Store,Completed,1747
O01747,C0138,2025-07-09,Store,Completed,1748
O01748,C0215,2025-09-09,Online,Cancelled,1749
O01749,C0265,2025-05-24,Online,Cancelled,1750
O01750,C0124,2025-11-23,Store,Completed,1751
O01751,C0041,2025-06-28,Store,Completed,1752
O01752,C0267,2025-07-06,Store,Completed,1753
O01753,C0227,2025-09-20,Online,Completed,1754
O01754,C0287,2025-12-18,Store,Completed,1755
O01755,C0232,2025-06-30,Online,Completed,1756
O01756,C0202,2025-11-30,Online,Completed,1757
O01757,C0127,2025-05-10,Store,Completed,1758
O01758,C0167,2025-12-20,Store,Cancelled,1759
O01759,C0288,2025-11-05,Store,Completed,1760
O01760,C0174,2025-10-08,Online,Completed,1761
O01761,C0058,2025-01-17,Store,Completed,1762
O01762,C0141,2025-07-10,Online,Completed,1763
O01763,C0293,2025-04-18,Store,Completed,1764
O01764,C0127,2025-02-18,Online,Completed,1765
O01765,C0097,2025-01-15,Online,Completed,1766
O01766,C0022,2025-02-09,Store,Cancelled,1767
O01767,C0131,2025-09-03,Store,Completed,1768
O01768,C0300,2025-03-05,Online,Completed,1769
O01769,C0270,2025-09-15,Online,Completed,1770
O01770,C0292,2025-01-17,Online,Completed,1771
O01771,C0086,2025-11-25,Store,Completed,1772
O01772,C0108,2025-11-17,Store,Completed,1773
O01773,C0283,2025-07-13,Online,Completed,1774
O01774,C0138,2025-05-21,Online,Completed,1775
O01775,C0265,2025-01-01,Online,Completed,1776
O01776,C0288,2025-01-09,Online,Completed,1777
O01777,C0098,2025-12-27,Store,Completed,1778
O01778,C0201,2025-09-15,Online,Completed,1779
O01779,C0297,2025-03-10,Online,Completed,1780
O01780,C0245,2025-11-24,Store,Completed,1781
O01781,C0074,2025-12-09,Store,Completed,1782
O01782,C0119,2025-08-01,Store,Completed,1783
O01783,C0016,2025-06-19,Online,Completed,1784
O01784,C0233,2025-08-28,Online,Completed,1785
O01785,C0097,2025-01-29,Store,Completed,1786
O01786,C0055,2025-10-20,Store,Completed,1787
O01787,C0289,2025-11-12,Store,Completed,1788
O01788,C0244,2025-05-11,Online,Completed,1789
O01789,C0029,2025-09-24,Online,Completed,1790
O01790,C0082,2025-04-07,Online,Completed,1791
O01791,C0204,2025-12-20,Store,Completed,1792
O01792,C0031,2025-11-15,Store,Completed,1793
O01793,C0088,2025-03-05,Store,Completed,1794
O01794,C0022,2025-08-28,Online,Completed,1795
O01795,C0183,2025-10-27,Store,Completed,1796
O01796,C0279,2025-01-29,Online,Cancelled,1797
O01797,C0293,2025-08-09,Online,Completed,1798
O01798,C0262,2025-08-21,Online,Completed,1799
O01799,C0288,2025-10-24,Store,Completed,1800
O01800,C0194,2025-02-13,Online,Completed,1801
