order_id,customer_id,order_date,channel,status
O00001,C0188,03/25/2025, retail , COMPLETED 
O00002,C0231,2025-08-29,Store,Completed
O00003,C0023,2025-08-08,Store,Completed
O00004,C0237,2025-11-13,Store,Completed
O00005,C0270,2025-10-16,Store,Completed
O00006,C0253,2025-10-14,Online,Cancelled
O00007,C0228,2025-11-09,Online,Completed
O00008,C0010,2025-03-17,Online,Completed
O00009,C0286,2025-11-04,Online,Completed
O00010,C0109,2025-07-03,Store,Completed
O00011,C0280,2025-10-20,Store,Completed
O00012,C0293,2025-12-02, web ,Completed
O00013,C0250,2025-05-23,Online,Completed
O00014,C0064,2025-07-10,Online,Completed
O00015,C0056,2025-08-12,Store,Completed
O00016,C0275,2025-06-01,Store,Completed
O00017,C0135,2025-09-30,Store,Completed
O00018,C0212,2025-02-24,Online,Completed
O00019,C0117,2025-11-01,Online,Completed
O00020,C0076,03/24/2025,Store,Completed
O00021,C0298,2025-09-06,Store,Completed
O00022,C0058,2025-10-21,Store,Completed
O00023,C0152,2025-03-04, web ,Completed
O00024,C0047,2025-05-10,Online, CANCELLED 
O00025,C0085,2025-12-03,Online,Completed
O00026,C0062,2025-05-16,Store,Completed
O00027,C0149,2025-05-19,Online,Completed
O00028,C0042,2025-04-22,Store,Completed
O00029,C0001,2025-11-30,Store,Completed
O00030,C0025,2025-12-11,Online,Completed
O00031,C0142,2025-11-08,Store,Completed
O00032,C0156,2025-08-06,Store,Cancelled
O00033,C0298,2025-10-26,Store,Cancelled
O00034,C0080,2025-05-28, web ,Completed
O00035,C0106,2025-01-03,Online,Completed
O00036,C0212,2025-04-16,Online,Completed
O00037,C0157,2025-06-21,Online,Completed
O00038,C0195,2025-02-27,Store,Completed
O00039,C0062,01/31/2025,Online,Completed
O00040,C0276,2025-08-08,Store,Completed
O00041,C0184,2025-10-15,Store,Cancelled
O00042,C0241,2025-06-25,Online,Completed
O00043,C0259,2025-08-14,Online,Completed
O00044,C0290,2025-10-04,Store,Completed
O00045,C0118,2025-08-25, retail ,Completed
O00046,C0208,2025-04-08,Online,Completed
O00047,C0297,2025-06-07,Store, COMPLETED 
O00048,C0143,2025-11-30,Online,Completed
O00049,C0259,2025-04-12,Store,Completed
O00050,C0256,2025-04-09,Online,Completed
O00051,C0178,2025-06-26,Store,Completed
O00052,C0198,2025-11-11,Store,Completed
O00053,C0114,2025-08-30,Store,Completed
O00054,C0174,2025-05-04,Online,Completed
O00055,C0126,2025-06-21,Store,Completed
O00056,C0130,2025-04-19, retail ,Completed
O00057,C0285,2025-08-11,Store,Completed
O00058,C0151,04/19/2025,Store,Completed
O00059,C0277,2025-06-20,Store,Completed
O00060,C0140,2025-12-08,Online,Completed
O00061,C0242,2025-10-16,Online,Completed
O00062,C0271,2025-05-22,Store,Completed
O00063,C0256,2025-06-23,Online,Completed
O00064,C0016,2025-05-25,Online,Completed
O00065,C0122,2025-12-17,Online,Completed
O00066,C0076,2025-10-06,Online,Completed
O00067,C0251,2025-08-05, web ,Completed
O00068,C0005,2025-06-29,Online,Completed
O00069,C0139,2025-12-01,Store,Completed
O00070,C0230,2025-11-15,Online, COMPLETED 
O00071,C0020,2025-02-16,Store,Completed
O00072,C0127,2025-01-01,Store,Cancelled
O00073,C0265,2025-12-04,Online,Cancelled
O00074,C0026,2025-10-23,Store,Completed
O00075,C0225,2025-11-06,Store,Completed
O00076,C0270,2025-01-02,Online,Completed
O00077,C0274,11/22/2025,Store,Cancelled
O00078,C0180,2025-09-24, web ,Completed
O00079,C0106,2025-06-15,Online,Completed
O00080,C0063,2025-08-27,Store,Completed
O00081,C0094,2025-06-05,Online,Completed
O00082,C0225,2025-04-07,Online,Completed
O00083,C0136,2025-02-08,Store,Completed
O00084,C0223,2025-06-27,Store,Completed
O00085,C0108,2025-03-27,Store,Completed
O00086,C0279,2025-01-27,Online,Completed
O00087,C0129,2025-10-13,Online,Completed
O00088,C0006,2025-04-19,Store,Completed
O00089,C0020,2025-08-12, retail ,Completed
O00090,C0111,2025-12-27,Online,Completed
O00091,C0062,2025-08-23,Store,Completed
O00092,C0028,2025-03-08,Store,Cancelled
O00093,C0179,2025-08-04,Store, COMPLETED 
O00094,C0008,2025-06-14,Store,Completed
O00095,C0235,2025-03-19,Online,Completed
O00096,C0153,10/24/2025,Online,Completed
O00097,C0132,2025-05-03,Store,Completed
O00098,C0299,2025-06-28,Online,Completed
O00099,C0117,2025-12-23,Online,Completed
O00100,C0016,2025-01-16, web ,Completed
O00101,C0025,2025-04-22,Store,Completed
O00102,C0102,2025-10-05,Store,Completed
O00103,C0017,2025-09-15,Online,Completed
O00104,C0148,2025-12-28,Online,Completed
O00105,C0225,2025-11-07,Store,Completed
O00106,C0006,2025-10-12,Store,Completed
O00107,C0069,2025-05-20,Store,Completed
O00108,C0150,2025-06-29,Store,Completed
O00109,C0300,2025-12-26,Online,Cancelled
O00110,C0025,2025-07-28,Online,Completed
O00111,C0084,2025-01-16, web ,Completed
O00112,C0107,2025-10-23,Online,Completed
O00113,C0026,2025-06-26,Store,Completed
O00114,C0074,2025-01-27,Online,Completed
O00115,C0052,01/08/2025,Online,Cancelled
O00116,C0294,2025-10-27,Online, COMPLETED 
O00117,C0288,2025-07-25,Online,Cancelled
O00118,C0027,2025-07-28,Store,Completed
O00119,C0054,2025-06-29,Online,Completed
O00120,C0102,2025-09-23,Online,Completed
O00121,C0136,2025-03-14,Online,Completed
O00122,C0094,2025-07-31, retail ,Completed
O00123,C0120,2025-06-29,Online,Completed
O00124,C0161,2025-04-12,Online,Completed
O00125,C0169,2025-01-23,Store,Completed
O00126,C0208,2025-09-29,Store,Completed
O00127,C0121,2025-05-03,Store,Cancelled
O00128,C0219,2025-08-12,Store,Cancelled
O00129,C0134,2025-02-23,Store,Cancelled
O00130,C0005,2025-09-21,Store,Completed
O00131,C0293,2025-04-24,Store,Completed
O00132,C0104,2025-07-04,Online,Completed
O00133,C0260,2025-04-06, web ,Cancelled
O00134,C0222,07/22/2025,Store,Completed
O00135,C0275,2025-05-28,Online,Completed
O00136,C0232,2025-10-17,Store,Completed
O00137,C0084,2025-11-06,Online,Completed
O00138,C0270,2025-09-05,Store,Completed
O00139,C0162,2025-11-26,Store, COMPLETED 
O00140,C0081,2025-08-11,Online,Completed
O00141,C0215,2025-01-12,Online,Completed
O00142,C0253,2025-03-14,Online,Completed
O00143,C0159,2025-01-11,Store,Cancelled
O00144,C0185,2025-08-18, web ,Completed
O00145,C0268,2025-03-17,Store,Completed
O00146,C0258,2025-03-05,Store,Completed
O00147,C0147,2025-03-23,Store,Cancelled
O00148,C0178,2025-10-05,Store,Completed
O00149,C0058,2025-09-14,Store,Completed
O00150,C0293,2025-10-26,Online,Completed
O00151,C0031,2025-04-16,Store,Completed
O00152,C0280,2025-07-11,Store,Completed
O00153,C0087,01/01/2025,Online,Completed
O00154,C0047,2025-04-14,Online,Completed
O00155,C0162,2025-10-29, web ,Completed
O00156,C0029,2025-10-16,Online,Completed
O00157,C0126,2025-07-10,Online,Completed
O00158,C0092,2025-02-26,Store,Completed
O00159,C0089,2025-01-05,Store,Completed
O00160,C0192,2025-10-07,Store,Completed
O00161,C0078,2025-08-07,Online,Completed
O00162,C0245,2025-05-31,Online, COMPLETED 
O00163,C0288,2025-09-12,Store,Completed
O00164,C0088,2025-10-09,Online,Completed
O00165,C0046,2025-08-07,Store,Completed
O00166,C0285,2025-12-09, retail ,Completed
O00167,C0019,2025-07-11,Online,Completed
O00168,C0293,2025-07-25,Store,Completed
O00169,C0060,2025-12-30,Store,Completed
O00170,C0280,2025-04-30,Online,Completed
O00171,C0208,2025-02-24,Online,Completed
O00172,C0242,12/12/2025,Online,Completed
O00173,C0188,2025-11-28,Store,Completed
O00174,C0244,2025-08-17,Store,Completed
O00175,C0181,2025-11-30,Online,Completed
O00176,C0105,2025-09-28,Online,Completed
O00177,C0236,2025-01-05, retail ,Completed
O00178,C0165,2025-07-09,Online,Completed
O00179,C0096,2025-06-18,Store,Completed
O00180,C0290,2025-11-13,Online,Completed
O00181,C0146,2025-01-23,Online,Completed
O00182,C0283,2025-03-23,Online,Cancelled
O00183,C0203,2025-02-21,Store,Completed
O00184,C0082,2025-05-26,Store,Cancelled
O00185,C0055,2025-07-13,Online, COMPLETED 
O00186,C0157,2025-04-30,Store,Completed
O00187,C0108,2025-01-23,Store,Completed
O00188,C0287,2025-12-18, web ,Completed
O00189,C0294,2025-01-20,Store,Completed
O00190,C0016,2025-06-17,Online,Completed
O00191,C0129,01/20/2025,Store,Completed
O00192,C0013,2025-03-16,Online,Completed
O00193,C0181,2025-11-25,Online,Completed
O00194,C0011,2025-08-11,Online,Completed
O00195,C0030,2025-12-11,Store,Completed
O00196,C0074,2025-05-07,Online,Completed
O00197,C0186,2025-01-14,Store,Completed
O00198,C0165,2025-08-05,Store,Completed
O00199,C0222,2025-09-29, retail ,Completed
O00200,C0001,2025-04-01,Online,Completed
O00201,C0278,2025-09-05,Store,Completed
O00202,C0039,2025-09-03,Online,Completed
O00203,C0194,2025-10-31,Store,Completed
O00204,C0147,2025-11-27,Store,Completed
O00205,C0283,2025-04-14,Store,Completed
O00206,C0215,2025-01-09,Store,Completed
O00207,C0220,2025-01-12,Online,Cancelled
O00208,C0028,2025-04-20,Store, COMPLETED 
O00209,C0230,2025-04-14,Online,Completed
O00210,C0233,07/26/2025, web ,Completed
O00211,C0056,2025-07-20,Store,Completed
O00212,C0136,2025-12-05,Online,Completed
O00213,C0121,2025-02-02,Online,Completed
O00214,C0202,2025-11-30,Online,Completed
O00215,C0190,2025-10-29,Online,Completed
O00216,C0290,2025-11-08,Online,Completed
O00217,C0239,2025-09-18,Store,Completed
O00218,C0222,2025-02-27,Online,Completed
O00219,C0009,2025-11-26,Store,Completed
O00220,C0034,2025-07-31,Store,Completed
O00221,C0123,2025-12-13, web ,Completed
O00222,C0289,2025-04-18,Store,Completed
O00223,C0217,2025-12-19,Store,Completed
O00224,C0289,2025-04-17,Online,Completed
O00225,C0173,2025-03-27,Online,Completed
O00226,C0042,2025-03-20,Store,Completed
O00227,C0240,2025-02-19,Online,Completed
O00228,C0222,2025-05-03,Store,Completed
O00229,C0299,07/19/2025,Store,Cancelled
O00230,C0042,2025-03-04,Online,Completed
O00231,C0116,2025-10-30,Online, COMPLETED 
O00232,C0209,2025-09-03, retail ,Completed
O00233,C0200,2025-05-17,Online,Completed
O00234,C0038,2025-07-04,Online,Completed
O00235,C0142,2025-03-29,Store,Completed
O00236,C0289,2025-10-14,Online,Completed
O00237,C0264,2025-09-26,Store,Completed
O00238,C0063,2025-04-16,Store,Completed
O00239,C0223,2025-08-24,Online,Completed
O00240,C0085,2025-03-02,Online,Completed
O00241,C0276,2025-06-24,Online,Completed
O00242,C0251,2025-07-26,Store,Completed
O00243,C0213,2025-03-01, retail ,Completed
O00244,C0053,2025-05-17,Online,Completed
O00245,C0210,2025-11-16,Online,Completed
O00246,C0203,2025-09-02,Online,Cancelled
O00247,C0246,2025-04-03,Online,Completed
O00248,C0251,09/03/2025,Online,Completed
O00249,C0158,2025-03-16,Store,Completed
O00250,C0021,2025-12-31,Online,Completed
O00251,C0172,2025-01-14,Store,Completed
O00252,C0222,2025-12-21,Online,Completed
O00253,C0167,2025-05-17,Online,Completed
O00254,C0267,2025-10-11, web , COMPLETED 
O00255,C0015,2025-02-24,Store,Completed
O00256,C0109,2025-03-11,Store,Completed
O00257,C0172,2025-08-13,Store,Completed
O00258,C0152,2025-12-09,Online,Completed
O00259,C0119,2025-01-25,Store,Cancelled
O00260,C0090,2025-10-26,Online,Completed
O00261,C0038,2025-03-04,Online,Cancelled
O00262,C0075,2025-10-10,Online,Completed
O00263,C0151,2025-05-28,Store,Completed
O00264,C0274,2025-06-25,Online,Completed
O00265,C0039,2025-01-24, retail ,Completed
O00266,C0049,2025-05-26,Online,Completed
O00267,C0212,08/18/2025,Online,Completed
O00268,C0021,2025-02-19,Online,Completed
O00269,C0119,2025-07-25,Online,Completed
O00270,C0106,2025-11-12,Online,Completed
O00271,C0076,2025-02-02,Store,Cancelled
O00272,C0148,2025-11-13,Store,Completed
O00273,C0066,2025-01-03,Store,Completed
O00274,C0170,2025-12-02,Online,Completed
O00275,C0235,2025-03-30,Store,Completed
O00276,C0052,2025-01-03, web ,Completed
O00277,C0012,2025-01-16,Store, CANCELLED 
O00278,C0166,2025-11-01,Online,Completed
O00279,C0286,2025-11-25,Online,Completed
O00280,C0138,2025-08-08,Store,Completed
O00281,C0228,2025-09-27,Store,Completed
O00282,C0116,2025-06-27,Online,Completed
O00283,C0041,2025-12-28,Online,Completed
O00284,C0235,2025-01-23,Online,Completed
O00285,C0295,2025-07-06,Store,Completed
O00286,C0193,08/09/2025,Online,Completed
O00287,C0049,2025-11-08, web ,Completed
O00288,C0107,2025-02-01,Online,Completed
O00289,C0226,2025-05-10,Online,Completed
O00290,C0174,2025-10-24,Online,Completed
O00291,C0027,2025-05-26,Store,Completed
O00292,C0010,2025-10-08,Store,Completed
O00293,C0189,2025-09-29,Store,Completed
O00294,C0177,2025-05-02,Online,Completed
O00295,C0122,2025-11-04,Online,Completed
O00296,C0285,2025-05-17,Store,Completed
O00297,C0094,2025-12-30,Store,Completed
O00298,C0256,2025-12-16, web ,Completed
O00299,C0186,2025-01-03,Online,Completed
O00300,C0004,2025-08-09,Online, COMPLETED 
O00301,C0095,2025-05-03,Online,Completed
O00302,C0259,2025-11-14,Online,Completed
O00303,C0105,2025-03-27,Online,Completed
O00304,C0231,2025-05-05,Online,Completed
O00305,C0104,01/20/2025,Online,Completed
O00306,C0257,2025-07-28,Store,Completed
O00307,C0236,2025-08-28,Store,Cancelled
O00308,C0259,2025-04-21,Online,Completed
O00309,C0084,2025-11-02, web ,Completed
O00310,C0285,2025-10-31,Online,Completed
O00311,C0156,2025-05-19,Online,Completed
O00312,C0085,2025-09-28,Store,Completed
O00313,C0135,2025-11-13,Online,Completed
O00314,C0107,2025-11-14,Online,Completed
O00315,C0085,2025-08-09,Store,Completed
O00316,C0215,2025-08-27,Online,Completed
O00317,C0244,2025-08-06,Online,Completed
O00318,C0299,2025-06-10,Online,Completed
O00319,C0068,2025-07-21,Store,Completed
O00320,C0245,2025-04-25, web ,Completed
O00321,C0182,2025-12-17,Store,Completed
O00322,C0146,2025-06-26,Online,Completed
O00323,C0137,2025-01-12,Store, COMPLETED 
O00324,C0271,06/03/2025,Store,Completed
O00325,C0175,2025-09-11,Online,Completed
O00326,C0233,2025-06-10,Online,Completed
O00327,C0091,2025-07-26,Online,Completed
O00328,C0051,2025-02-23,Online,Completed
O00329,C0059,2025-10-16,Store,Completed
O00330,C0287,2025-03-12,Store,Completed
O00331,C0148,2025-04-25, web ,Completed
O00332,C0181,2025-05-02,Store,Completed
O00333,C0224,2025-07-24,Store,Completed
O00334,C0129,2025-10-04,Store,Completed
O00335,C0065,2025-04-17,Online,Completed
O00336,C0263,2025-11-25,Store,Cancelled
O00337,C0198,2025-10-22,Online,Completed
O00338,C0179,2025-07-05,Online,Completed
O00339,C0183,2025-04-05,Online,Completed
O00340,C0293,2025-11-21,Store,Completed
O00341,C0203,2025-07-20,Store,Completed
O00342,C0024,2025-10-13, web ,Completed
O00343,C0100,11/14/2025,Store,Cancelled
O00344,C0156,2025-06-25,Online,Completed
O00345,C0121,2025-06-09,Store,Completed
O00346,C0183,2025-11-26,Store, CANCELLED 
O00347,C0212,2025-06-22,Store,Cancelled
O00348,C0259,2025-08-29,Online,Completed
O00349,C0109,2025-02-28,Store,Completed
O00350,C0106,2025-10-02,Online,Completed
O00351,C0188,2025-11-19,Online,Completed
O00352,C0166,2025-04-17,Store,Completed
O00353,C0176,2025-07-18, web ,Completed
O00354,C0054,2025-08-20,Store,Completed
O00355,C0136,2025-02-11,Online,Cancelled
O00356,C0041,2025-12-28,Online,Completed
O00357,C0191,2025-02-09,Store,Completed
O00358,C0155,2025-03-21,Online,Completed
O00359,C0300,2025-09-10,Online,Completed
O00360,C0264,2025-01-12,Online,Completed
O00361,C0175,2025-03-12,Store,Completed
O00362,C0231,04/14/2025,Store,Completed
O00363,C0055,2025-02-24,Online,Completed
O00364,C0182,2025-06-04, web ,Cancelled
O00365,C0195,2025-04-17,Online,Completed
O00366,C0221,2025-12-11,Online,Completed
O00367,C0254,2025-03-16,Store,Completed
O00368,C0112,2025-11-10,Online,Completed
O00369,C0224,2025-04-30,Store, COMPLETED 
O00370,C0108,2025-03-19,Store,Completed
O00371,C0294,2025-05-09,Store,Completed
O00372,C0186,2025-05-09,Store,Completed
O00373,C0134,2025-06-01,Online,Completed
O00374,C0077,2025-08-14,Online,Completed
O00375,C0127,2025-09-04, web ,Completed
O00376,C0095,2025-07-13,Store,Completed
O00377,C0131,2025-11-14,Store,Completed
O00378,C0240,2025-12-11,Online,Completed
O00379,C0100,2025-05-28,Store,Completed
O00380,C0144,2025-04-16,Online,Completed
O00381,C0231,05/01/2025,Store,Completed
O00382,C0193,2025-01-28,Store,Completed
O00383,C0181,2025-12-19,Online,Completed
O00384,C0161,2025-03-12,Store,Completed
O00385,C0022,2025-02-27,Online,Completed
O00386,C0184,2025-05-20, retail ,Completed
O00387,C0087,2025-11-06,Online,Completed
O00388,C0230,2025-05-09,Store,Completed
O00389,C0224,2025-10-15,Online,Completed
O00390,C0038,2025-11-16,Online,Completed
O00391,C0111,2025-07-29,Store,Completed
O00392,C0251,2025-03-15,Online, COMPLETED 
O00393,C0048,2025-01-25,Store,Completed
O00394,C0205,2025-10-19,Store,Cancelled
O00395,C0270,2025-01-21,Store,Completed
O00396,C0109,2025-11-07,Online,Completed
O00397,C0201,2025-10-18, retail ,Completed
O00398,C0093,2025-07-18,Online,Completed
O00399,C0213,2025-03-23,Store,Completed
O00400,C0140,07/26/2025,Store,Completed
O00401,C0029,2025-08-28,Online,Completed
O00402,C0072,2025-03-04,Online,Completed
O00403,C0204,2025-01-29,Store,Completed
O00404,C0065,2025-08-17,Store,Completed
O00405,C0145,2025-04-29,Store,Completed
O00406,C0144,2025-05-17,Online,Completed
O00407,C0093,2025-09-10,Online,Completed
O00408,C0234,2025-10-31, web ,Cancelled
O00409,C0137,2025-12-23,Online,Completed
O00410,C0109,2025-02-09,Store,Completed
O00411,C0107,2025-04-04,Store,Completed
O00412,C0260,2025-03-31,Store,Completed
O00413,C0039,2025-11-12,Online,Completed
O00414,C0299,2025-08-25,Store,Completed
O00415,C0177,2025-09-24,Store, COMPLETED 
O00416,C0256,2025-03-24,Online,Completed
O00417,C0100,2025-12-27,Store,Completed
O00418,C0036,2025-01-02,Store,Completed
O00419,C0180,05/09/2025, web ,Completed
O00420,C0125,2025-09-01,Online,Completed
O00421,C0201,2025-01-22,Online,Completed
O00422,C0222,2025-11-15,Online,Completed
O00423,C0114,2025-02-06,Online,Completed
O00424,C0040,2025-07-11,Store,Completed
O00425,C0109,2025-09-11,Online,Completed
O00426,C0002,2025-08-27,Online,Completed
O00427,C0256,2025-04-29,Online,Completed
O00428,C0224,2025-02-26,Online,Completed
O00429,C0112,2025-02-08,Store,Completed
O00430,C0250,2025-05-29, web ,Completed
O00431,C0142,2025-05-02,Store,Completed
O00432,C0223,2025-07-27,Store,Completed
O00433,C0226,2025-03-11,Store,Completed
O00434,C0080,2025-05-06,Store,Completed
O00435,C0279,2025-11-09,Store,Completed
O00436,C0153,2025-12-21,Online,Completed
O00437,C0269,2025-09-21,Store,Completed
O00438,C0086,07/29/2025,Store, COMPLETED 
O00439,C0165,2025-12-22,Online,Completed
O00440,C0095,2025-07-28,Store,Completed
O00441,C0231,2025-05-23, retail ,Completed
O00442,C0192,2025-01-09,Online,Completed
O00443,C0254,2025-03-14,Store,Completed
O00444,C0169,2025-02-19,Online,Completed
O00445,C0089,2025-07-26,Online,Completed
O00446,C0033,2025-09-11,Online,Completed
O00447,C0110,2025-05-16,Online,Completed
O00448,C0016,2025-08-28,Store,Completed
O00449,C0113,2025-12-12,Online,Completed
O00450,C0066,2025-12-17,Online,Completed
O00451,C0275,2025-08-02,Store,Completed
O00452,C0298,2025-01-07, web ,Completed
O00453,C0233,2025-01-17,Online,Cancelled
O00454,C0070,2025-07-02,Store,Completed
O00455,C0120,2025-11-18,Store,Completed
O00456,C0296,2025-05-21,Online,Completed
O00457,C0059,09/10/2025,Online,Completed
O00458,C0170,2025-08-07,Online,Completed
O00459,C0033,2025-09-27,Store,Completed
O00460,C0109,2025-06-26,Online,Cancelled
O00461,C0196,2025-10-08,Online, CANCELLED 
O00462,C0115,2025-09-06,Online,Completed
O00463,C0197,2025-06-30, web ,Completed
O00464,C0154,2025-11-15,Store,Completed
O00465,C0031,2025-12-12,Online,Cancelled
O00466,C0019,2025-07-15,Online,Completed
O00467,C0055,2025-04-10,Store,Completed
O00468,C0249,2025-06-23,Online,Completed
O00469,C0014,2025-11-23,Online,Completed
O00470,C0200,2025-08-16,Online,Completed
O00471,C0144,2025-10-04,Online,Cancelled
O00472,C0112,2025-04-08,Store,Completed
O00473,C0042,2025-01-05,Online,Completed
O00474,C0182,2025-05-04, web ,Completed
O00475,C0273,2025-06-23,Online,Cancelled
O00476,C0201,03/26/2025,Online,Completed
O00477,C0073,2025-03-14,Online,Completed
O00478,C0103,2025-02-23,Store,Completed
O00479,C0052,2025-12-30,Online,Completed
O00480,C0257,2025-09-17,Online,Completed
O00481,C0210,2025-11-16,Online,Completed
O00482,C0073,2025-07-16,Online,Completed
O00483,C0287,2025-09-02,Store,Completed
O00484,C0039,2025-09-30,Store, COMPLETED 
O00485,C0233,2025-03-10, web ,Completed
O00486,C0195,2025-07-01,Online,Cancelled
O00487,C0036,2025-10-30,Online,Completed
O00488,C0154,2025-10-09,Store,Completed
O00489,C0284,2025-10-28,Store,Completed
O00490,C0073,2025-05-27,Store,Cancelled
O00491,C0091,2025-07-14,Store,Completed
O00492,C0019,2025-09-24,Store,Completed
O00493,C0282,2025-01-19,Online,Completed
O00494,C0299,2025-07-07,Store,Completed
O00495,C0188,04/11/2025,Online,Completed
O00496,C0122,2025-07-02, web ,Completed
O00497,C0256,2025-01-02,Store,Completed
O00498,C0197,2025-10-25,Online,Completed
O00499,C0057,2025-12-21,Online,Completed
O00500,C0157,2025-04-26,Online,Completed
O00501,C0221,2025-02-20,Online,Completed
O00502,C0062,2025-01-10,Store,Completed
O00503,C0008,2025-10-05,Store,Completed
O00504,C0053,2025-11-07,Online,Completed
O00505,C0057,2025-09-03,Store,Completed
O00506,C0081,2025-01-15,Store,Completed
O00507,C0004,2025-02-20, retail , COMPLETED 
O00508,C0166,2025-04-11,Online,Completed
O00509,C0278,2025-03-29,Store,Completed
O00510,C0223,2025-09-05,Store,Completed
O00511,C0024,2025-09-26,Online,Completed
O00512,C0285,2025-06-16,Store,Completed
O00513,C0009,2025-12-09,Store,Completed
O00514,C0144,05/17/2025,Store,Completed
O00515,C0091,2025-05-04,Online,Completed
O00516,C0002,2025-05-15,Store,Completed
O00517,C0135,2025-06-04,Online,Cancelled
O00518,C0184,2025-08-15, retail ,Completed
O00519,C0098,2025-01-30,Store,Completed
O00520,C0197,2025-09-05,Online,Completed
O00521,C0047,2025-01-12,Online,Completed
O00522,C0266,2025-07-20,Online,Completed
O00523,C0223,2025-03-09,Store,Completed
O00524,C0025,2025-09-06,Store,Completed
O00525,C0106,2025-11-02,Store,Completed
O00526,C0067,2025-12-23,Store,Completed
O00527,C0188,2025-06-18,Store,Cancelled
O00528,C0104,2025-05-27,Store,Completed
O00529,C0189,2025-06-09, retail ,Completed
O00530,C0294,2025-04-24,Store, COMPLETED 
O00531,C0022,2025-01-08,Online,Completed
O00532,C0136,2025-12-11,Store,Completed
O00533,C0161,02/06/2025,Store,Completed
O00534,C0112,2025-07-12,Online,Completed
O00535,C0006,2025-11-09,Online,Completed
O00536,C0236,2025-05-04,Online,Completed
O00537,C0104,2025-01-08,Store,Completed
O00538,C0242,2025-11-23,Store,Completed
O00539,C0112,2025-02-07,Store,Completed
O00540,C0098,2025-06-20, web ,Completed
O00541,C0096,2025-03-27,Online,Completed
O00542,C0283,2025-03-01,Store,Completed
O00543,C0034,2025-06-08,Store,Completed
O00544,C0275,2025-11-13,Store,Completed
O00545,C0070,2025-06-10,Store,Completed
O00546,C0196,2025-01-06,Store,Completed
O00547,C0099,2025-11-06,Online,Completed
O00548,C0274,2025-09-22,Online,Completed
O00549,C0246,2025-06-12,Store,Completed
O00550,C0097,2025-05-20,Online,Completed
O00551,C0086,2025-05-14, web ,Completed
O00552,C0083,03/10/2025,Online,Completed
O00553,C0192,2025-12-15,Store, COMPLETED 
O00554,C0255,2025-03-01,Online,Completed
O00555,C0232,2025-10-19,Store,Completed
O00556,C0048,2025-09-29,Store,Completed
O00557,C0227,2025-08-05,Online,Completed
O00558,C0252,2025-10-23,Online,Completed
O00559,C0033,2025-12-13,Online,Completed
O00560,C0216,2025-08-21,Store,Completed
O00561,C0270,2025-08-15,Online,Completed
O00562,C0172,2025-09-13, web ,Completed
O00563,C0160,2025-11-23,Online,Completed
O00564,C0230,2025-01-30,Online,Completed
O00565,C0237,2025-06-24,Store,Completed
O00566,C0182,2025-03-17,Online,Completed
O00567,C0257,2025-07-19,Store,Completed
O00568,C0286,2025-01-15,Store,Completed
O00569,C0237,2025-08-06,Store,Completed
O00570,C0138,2025-07-12,Online,Completed
O00571,C0198,10/27/2025,Store,Completed
O00572,C0016,2025-10-22,Online,Completed
O00573,C0211,2025-08-13, web ,Completed
O00574,C0249,2025-02-13,Store,Completed
O00575,C0072,2025-07-10,Online,Cancelled
O00576,C0045,2025-02-03,Store, COMPLETED 
O00577,C0116,2025-09-22,Store,Completed
O00578,C0100,2025-09-04,Online,Completed
O00579,C0246,2025-11-16,Online,Cancelled
O00580,C0042,2025-12-21,Online,Completed
O00581,C0112,2025-01-17,Store,Completed
O00582,C0091,2025-09-09,Online,Completed
O00583,C0185,2025-10-14,Online,Completed
O00584,C0139,2025-05-08, web ,Cancelled
O00585,C0174,2025-07-14,Store,Cancelled
O00586,C0012,2025-12-15,Store,Completed
O00587,C0146,2025-05-30,Store,Completed
O00588,C0062,2025-05-23,Store,Completed
O00589,C0127,2025-07-29,Online,Completed
O00590,C0204,06/07/2025,Online,Completed
O00591,C0084,2025-01-01,Store,Completed
O00592,C0228,2025-06-11,Online,Completed
O00593,C0206,2025-05-08,Store,Completed
O00594,C0008,2025-08-14,Online,Completed
O00595,C0023,2025-01-12, retail ,Completed
O00596,C0223,2025-09-23,Online,Completed
O00597,C0036,2025-11-10,Store,Completed
O00598,C0003,2025-03-15,Online,Completed
O00599,C0112,2025-03-02,Online, COMPLETED 
O00600,C0146,2025-12-27,Store,Completed
O00601,C0153,2025-02-13,Store,Completed
O00602,C0202,2025-02-23,Online,Completed
O00603,C0039,2025-12-20,Store,Completed
O00604,C0011,2025-01-25,Store,Completed
O00605,C0244,2025-11-29,Store,Completed
O00606,C0051,2025-02-02, retail ,Completed
O00607,C0276,2025-03-15,Store,Completed
O00608,C0250,2025-09-14,Online,Completed
O00609,C0247,06/10/2025,Online,Completed
O00610,C0132,2025-01-27,Store,Completed
O00611,C0211,2025-10-26,Store,Completed
O00612,C0093,2025-11-19,Online,Completed
O00613,C0204,2025-06-27,Online,Completed
O00614,C0147,2025-05-09,Online,Completed
O00615,C0102,2025-02-07,Online,Completed
O00616,C0139,2025-11-02,Store,Completed
O00617,C0103,2025-12-25, web ,Completed
O00618,C0238,2025-12-06,Store,Completed
O00619,C0246,2025-11-29,Online,Completed
O00620,C0207,2025-05-08,Online,Completed
O00621,C0262,2025-01-07,Online,Completed
O00622,C0131,2025-03-25,Online, COMPLETED 
O00623,C0166,2025-05-23,Online,Completed
O00624,C0064,2025-07-10,Online,Completed
O00625,C0002,2025-03-21,Store,Completed
O00626,C0161,2025-11-22,Online,Completed
O00627,C0110,2025-04-11,Online,Completed
O00628,C0065,11/15/2025, retail ,Completed
O00629,C0177,2025-04-08,Store,Completed
O00630,C0083,2025-06-22,Store,Completed
O00631,C0202,2025-03-28,Store,Completed
O00632,C0268,2025-09-20,Store,Completed
O00633,C0038,2025-12-29,Store,Completed
O00634,C0187,2025-12-18,Store,Completed
O00635,C0126,2025-09-14,Online,Completed
O00636,C0052,2025-08-28,Online,Completed
O00637,C0231,2025-08-01,Store,Completed
O00638,C0085,2025-12-08,Store,Completed
O00639,C0170,2025-06-09, web ,Completed
O00640,C0136,2025-12-24,Online,Completed
O00641,C0101,2025-09-19,Store,Completed
O00642,C0286,2025-02-24,Store,Completed
O00643,C0169,2025-09-06,Online,Completed
O00644,C0183,2025-10-09,Store,Completed
O00645,C0266,2025-10-18,Store, COMPLETED 
O00646,C0232,2025-08-16,Online,Completed
O00647,C0287,03/05/2025,Store,Completed
O00648,C0082,2025-01-28,Online,Completed
O00649,C0231,2025-01-25,Store,Completed
O00650,C0098,2025-08-26, retail ,Completed
O00651,C0148,2025-08-26,Online,Completed
O00652,C0235,2025-09-02,Store,Completed
O00653,C0107,2025-09-16,Online,Completed
O00654,C0021,2025-06-25,Online,Completed
O00655,C0174,2025-10-27,Store,Completed
O00656,C0265,2025-01-25,Store,Completed
O00657,C0270,2025-10-15,Store,Completed
O00658,C0121,2025-01-30,Online,Cancelled
O00659,C0003,2025-01-05,Store,Completed
O00660,C0064,2025-12-12,Online,Cancelled
O00661,C0062,2025-08-18, web ,Completed
O00662,C0185,2025-04-19,Online,Completed
O00663,C0195,2025-12-01,Store,Completed
O00664,C0230,2025-10-01,Store,Completed
O00665,C0240,2025-07-30,Online,Completed
O00666,C0153,05/23/2025,Online,Completed
O00667,C0253,2025-11-26,Online,Cancelled
O00668,C0183,2025-08-14,Store, COMPLETED 
O00669,C0270,2025-02-19,Store,Completed
O00670,C0091,2025-09-20,Store,Completed
O00671,C0009,2025-07-13,Store,Completed
O00672,C0061,2025-01-22, web ,Completed
O00673,C0101,2025-01-06,Online,Completed
O00674,C0250,2025-08-14,Online,Completed
O00675,C0080,2025-11-22,Store,Completed
O00676,C0272,2025-11-16,Store,Completed
O00677,C0266,2025-06-14,Online,Completed
O00678,C0122,2025-12-11,Store,Completed
O00679,C0081,2025-11-08,Store,Completed
O00680,C0221,2025-09-22,Online,Completed
O00681,C0262,2025-05-25,Store,Completed
O00682,C0266,2025-08-28,Store,Completed
O00683,C0174,2025-10-22, retail ,Completed
O00684,C0230,2025-03-02,Store,Completed
O00685,C0068,01/22/2025,Online,Completed
O00686,C0227,2025-10-09,Store,Completed
O00687,C0056,2025-06-19,Online,Completed
O00688,C0097,2025-09-09,Store,Completed
O00689,C0291,2025-05-25,Online,Completed
O00690,C0219,2025-01-16,Online,Completed
O00691,C0254,2025-03-06,Online, COMPLETED 
O00692,C0129,2025-02-11,Store,Completed
O00693,C0056,2025-03-28,Online,Cancelled
O00694,C0154,2025-10-26, web ,Completed
O00695,C0200,2025-11-18,Store,Completed
O00696,C0241,2025-11-07,Online,Cancelled
O00697,C0114,2025-02-18,Store,Completed
O00698,C0207,2025-11-10,Store,Completed
O00699,C0261,2025-10-28,Store,Completed
O00700,C0114,2025-08-11,Store,Completed
O00701,C0279,2025-04-11,Store,Completed
O00702,C0112,2025-09-03,Store,Completed
O00703,C0063,2025-08-22,Online,Completed
O00704,C0037,06/04/2025,Online,Completed
O00705,C0253,2025-06-07, web ,Completed
O00706,C0229,2025-11-24,Online,Completed
O00707,C0210,2025-09-10,Store,Completed
O00708,C0021,2025-04-25,Store,Cancelled
O00709,C0164,2025-02-07,Store,Completed
O00710,C0033,2025-03-11,Online,Completed
O00711,C0177,2025-12-27,Online,Completed
O00712,C0037,2025-08-31,Store,Completed
O00713,C0046,2025-09-28,Online,Completed
O00714,C0121,2025-02-06,Online, COMPLETED 
O00715,C0085,2025-05-05,Store,Completed
O00716,C0113,2025-07-15, retail ,Completed
O00717,C0124,2025-08-28,Store,Completed
O00718,C0259,2025-06-13,Online,Completed
O00719,C0247,2025-07-17,Online,Completed
O00720,C0046,2025-03-02,Online,Completed
O00721,C0123,2025-11-25,Online,Completed
O00722,C0260,2025-04-19,Online,Completed
O00723,C0196,12/11/2025,Online,Completed
O00724,C0058,2025-12-17,Store,Completed
O00725,C0036,2025-11-30,Store,Completed
O00726,C0010,2025-02-20,Store,Completed
O00727,C0264,2025-06-04, retail ,Completed
O00728,C0069,2025-05-06,Store,Completed
O00729,C0294,2025-09-08,Store,Completed
O00730,C0278,2025-01-17,Store,Completed
O00731,C0062,2025-07-21,Store,Completed
O00732,C0280,2025-10-01,Store,Completed
O00733,C0188,2025-10-17,Store,Completed
O00734,C0040,2025-10-02,Online,Completed
O00735,C0123,2025-01-19,Online,Completed
O00736,C0039,2025-06-19,Store,Completed
O00737,C0161,2025-10-20,Store, COMPLETED 
O00738,C0204,2025-10-14, retail ,Completed
O00739,C0153,2025-08-11,Online,Completed
O00740,C0174,2025-05-21,Online,Completed
O00741,C0108,2025-10-20,Online,Completed
O00742,C0283,07/15/2025,Online,Completed
O00743,C0285,2025-10-23,Store,Completed
O00744,C0138,2025-08-15,Store,Completed
O00745,C0079,2025-07-26,Online,Completed
O00746,C0216,2025-07-31,Store,Completed
O00747,C0128,2025-07-22,Online,Completed
O00748,C0254,2025-03-15,Online,Cancelled
O00749,C0285,2025-08-13, retail ,Completed
O00750,C0144,2025-08-07,Store,Cancelled
O00751,C0023,2025-06-12,Store,Completed
O00752,C0300,2025-07-12,Online,Completed
O00753,C0268,2025-02-22,Store,Completed
O00754,C0129,2025-03-11,Online,Completed
O00755,C0161,2025-08-20,Store,Completed
O00756,C0091,2025-07-24,Store,Completed
O00757,C0010,2025-04-23,Store,Completed
O00758,C0168,2025-10-21,Store,Completed
O00759,C0126,2025-12-23,Online,Completed
O00760,C0259,2025-10-15, retail , COMPLETED 
O00761,C0067,12/20/2025,Store,Completed
O00762,C0245,2025-09-22,Store,Completed
O00763,C0043,2025-11-27,Online,Completed
O00764,C0147,2025-08-24,Store,Completed
O00765,C0196,2025-12-13,Store,Completed
O00766,C0220,2025-12-01,Online,Completed
O00767,C0132,2025-06-18,Store,Completed
O00768,C0287,2025-08-13,Store,Completed
O00769,C0107,2025-08-21,Online,Completed
O00770,C0265,2025-04-04,Store,Completed
O00771,C0066,2025-07-14, web ,Completed
O00772,C0289,2025-04-15,Store,Completed
O00773,C0227,2025-10-03,Online,Completed
O00774,C0222,2025-01-26,Online,Cancelled
O00775,C0030,2025-04-12,Online,Completed
O00776,C0034,2025-02-08,Online,Completed
O00777,C0029,2025-12-24,Store,Completed
O00778,C0161,2025-04-14,Store,Completed
O00779,C0187,2025-11-11,Online,Cancelled
O00780,C0080,03/06/2025,Online,Completed
O00781,C0252,2025-01-01,Online,Completed
O00782,C0042,2025-11-18, retail ,Completed
O00783,C0183,2025-09-17,Online, COMPLETED 
O00784,C0167,2025-06-02,Online,Completed
O00785,C0204,2025-09-28,Online,Completed
O00786,C0064,2025-11-18,Store,Completed
O00787,C0254,2025-04-30,Store,Cancelled
O00788,C0272,2025-12-15,Store,Completed
O00789,C0066,2025-02-02,Online,Completed
O00790,C0090,2025-07-09,Online,Completed
O00791,C0171,2025-12-29,Store,Completed
O00792,C0195,2025-10-05,Online,Completed
O00793,C0085,2025-06-19, web ,Completed
O00794,C0192,2025-02-01,Store,Completed
O00795,C0060,2025-09-16,Online,Completed
O00796,C0201,2025-01-05,Online,Completed
O00797,C0055,2025-09-10,Online,Completed
O00798,C0100,2025-04-11,Online,Completed
O00799,C0249,01/11/2025,Store,Completed
O00800,C0107,2025-05-22,Store,Completed
O00801,C0137,2025-07-30,Store,Completed
O00802,C0156,2025-12-08,Online,Completed
O00803,C0105,2025-02-25,Store,Completed
O00804,C0267,2025-12-09, retail ,Completed
O00805,C0241,2025-10-05,Online,Completed
O00806,C0025,2025-08-05,Online, COMPLETED 
O00807,C0180,2025-10-19,Store,Completed
O00808,C0159,2025-06-16,Store,Completed
O00809,C0097,2025-05-17,Online,Completed
O00810,C0101,2025-01-24,Store,Completed
O00811,C0136,2025-06-13,Store,Completed
O00812,C0264,2025-01-27,Store,Completed
O00813,C0119,2025-11-17,Store,Completed
O00814,C0098,2025-11-28,Online,Completed
O00815,C0180,2025-08-15, web ,Completed
O00816,C0245,2025-06-26,Store,Completed
O00817,C0258,2025-03-18,Store,Completed
O00818,C0067,10/10/2025,Store,Completed
O00819,C0252,2025-05-21,Online,Cancelled
O00820,C0286,2025-12-09,Online,Completed
O00821,C0180,2025-04-19,Store,Completed
O00822,C0184,2025-11-01,Store,Completed
O00823,C0067,2025-12-04,Store,Completed
O00824,C0065,2025-03-21,Store,Completed
O00825,C0109,2025-07-14,Store,Completed
O00826,C0235,2025-04-20, retail ,Completed
O00827,C0238,2025-07-31,Store,Completed
O00828,C0075,2025-07-28,Online,Completed
O00829,C0192,2025-11-21,Online, COMPLETED 
O00830,C0255,2025-06-24,Online,Completed
O00831,C0089,2025-07-05,Online,Completed
O00832,C0095,2025-03-15,Online,Completed
O00833,C0056,2025-04-29,Store,Completed
O00834,C0107,2025-06-16,Online,Cancelled
O00835,C0145,2025-09-04,Online,Completed
O00836,C0291,2025-10-12,Store,Completed
O00837,C0038,02/23/2025, retail ,Cancelled
O00838,C0224,2025-08-05,Store,Completed
O00839,C0217,2025-06-17,Store,Completed
O00840,C0017,2025-11-22,Store,Completed
O00841,C0141,2025-03-31,Online,Completed
O00842,C0251,2025-11-01,Store,Completed
O00843,C0062,2025-11-08,Online,Completed
O00844,C0026,2025-12-26,Online,Completed
O00845,C0066,2025-12-05,Online,Completed
O00846,C0227,2025-03-23,Store,Completed
O00847,C0187,2025-04-18,Online,Completed
O00848,C0101,2025-05-19, web ,Completed
O00849,C0292,2025-02-25,Store,Completed
O00850,C0011,2025-11-18,Online,Completed
O00851,C0006,2025-09-19,Store,Completed
O00852,C0039,2025-11-26,Online, CANCELLED 
O00853,C0151,2025-12-08,Online,Completed
O00854,C0121,2025-09-02,Online,Completed
O00855,C0244,2025-04-05,Online,Completed
O00856,C0151,05/04/2025,Store,Completed
O00857,C0032,2025-06-01,Online,Completed
O00858,C0091,2025-12-01,Store,Completed
O00859,C0004,2025-10-10, web ,Cancelled
O00860,C0140,2025-01-08,Online,Completed
O00861,C0102,2025-10-07,Online,Completed
O00862,C0257,2025-09-04,Online,Completed
O00863,C0047,2025-05-16,Store,Completed
O00864,C0173,2025-02-17,Store,Completed
O00865,C0226,2025-04-19,Store,Completed
O00866,C0278,2025-05-28,Online,Completed
O00867,C0194,2025-08-12,Store,Completed
O00868,C0196,2025-05-23,Online,Completed
O00869,C0210,2025-10-11,Online,Completed
O00870,C0266,2025-06-08, retail ,Completed
O00871,C0017,2025-11-21,Store,Completed
O00872,C0299,2025-09-04,Store,Completed
O00873,C0063,2025-02-22,Online,Completed
O00874,C0207,2025-04-04,Store,Completed
O00875,C0173,01/11/2025,Online, COMPLETED 
O00876,C0122,2025-08-11,Online,Completed
O00877,C0199,2025-09-07,Store,Completed
O00878,C0011,2025-04-09,Store,Completed
O00879,C0088,2025-11-10,Store,Completed
O00880,C0128,2025-02-11,Online,Completed
O00881,C0249,2025-08-29, web ,Completed
O00882,C0230,2025-06-29,Store,Completed
O00883,C0205,2025-05-31,Store,Completed
O00884,C0125,2025-10-27,Online,Cancelled
O00885,C0099,2025-03-12,Store,Completed
O00886,C0130,2025-02-26,Online,Completed
O00887,C0247,2025-07-13,Online,Completed
O00888,C0224,2025-03-02,Store,Completed
O00889,C0177,2025-09-10,Store,Completed
O00890,C0107,2025-09-10,Online,Completed
O00891,C0197,2025-06-17,Store,Completed
O00892,C0104,2025-12-25, web ,Completed
O00893,C0191,2025-11-20,Store,Completed
O00894,C0063,12/20/2025,Store,Completed
O00895,C0029,2025-02-23,Store,Completed
O00896,C0041,2025-02-28,Store,Completed
O00897,C0075,2025-01-25,Store,Completed
O00898,C0160,2025-01-04,Online, COMPLETED 
O00899,C0286,2025-12-10,Store,Completed
O00900,C0243,2025-06-19,Online,Completed
O00901,C0054,2025-08-12,Store,Completed
O00902,C0030,2025-06-23,Online,Completed
O00903,C0089,2025-06-05, web ,Completed
O00904,C0182,2025-11-26,Store,Completed
O00905,C0149,2025-09-12,Store,Completed
O00906,C0253,2025-10-28,Online,Completed
O00907,C0287,2025-04-13,Online,Cancelled
O00908,C0008,2025-10-29,Online,Completed
O00909,C0265,2025-07-23,Online,Completed
O00910,C0062,2025-06-13,Online,Completed
O00911,C0119,2025-10-16,Online,Completed
O00912,C0036,2025-10-20,Store,Completed
O00913,C0069,08/21/2025,Online,Cancelled
O00914,C0051,2025-02-14, web ,Completed
O00915,C0225,2025-12-10,Store,Completed
O00916,C0124,2025-01-11,Online,Completed
O00917,C0071,2025-12-29,Store,Completed
O00918,C0235,2025-11-15,Online,Completed
O00919,C0264,2025-05-02,Online,Completed
O00920,C0214,2025-01-26,Store,Completed
O00921,C0023,2025-07-15,Store, COMPLETED 
O00922,C0235,2025-06-14,Online,Completed
O00923,C0131,2025-10-29,Store,Completed
O00924,C0203,2025-11-07,Store,Completed
O00925,C0005,2025-03-24, retail ,Completed
O00926,C0300,2025-03-01,Online,Cancelled
O00927,C0189,2025-01-03,Online,Completed
O00928,C0175,2025-01-06,Store,Completed
O00929,C0089,2025-06-25,Online,Completed
O00930,C0103,2025-10-31,Store,Completed
O00931,C0173,2025-07-01,Online,Completed
O00932,C0143,05/31/2025,Store,Completed
O00933,C0216,2025-01-18,Store,Completed
O00934,C0095,2025-05-02,Online,Completed
O00935,C0273,2025-12-04,Store,Completed
O00936,C0182,2025-12-29, web ,Completed
O00937,C0083,2025-07-20,Online,Completed
O00938,C0209,2025-06-02,Store,Completed
O00939,C0155,2025-02-23,Store,Completed
O00940,C0223,2025-07-05,Online,Completed
O00941,C0053,2025-12-13,Store,Completed
O00942,C0128,2025-08-10,Store,Completed
O00943,C0190,2025-08-07,Online,Completed
O00944,C0061,2025-09-29,Online, COMPLETED 
O00945,C0198,2025-03-03,Online,Completed
O00946,C0159,2025-05-22,Store,Completed
O00947,C0084,2025-12-20, retail ,Completed
O00948,C0147,2025-05-11,Store,Completed
O00949,C0085,2025-11-08,Store,Completed
O00950,C0231,2025-11-09,Online,Completed
O00951,C0066,02/18/2025,Store,Completed
O00952,C0093,2025-08-10,Online,Completed
O00953,C0227,2025-12-31,Online,Cancelled
O00954,C0186,2025-01-18,Store,Completed
O00955,C0014,2025-06-17,Store,Completed
O00956,C0132,2025-06-02,Store,Completed
O00957,C0160,2025-09-02,Store,Cancelled
O00958,C0241,2025-06-05, web ,Completed
O00959,C0235,2025-03-27,Online,Completed
O00960,C0034,2025-09-09,Online,Completed
O00961,C0179,2025-04-09,Store,Completed
O00962,C0195,2025-06-22,Online,Completed
O00963,C0126,2025-08-02,Online,Completed
O00964,C0139,2025-06-26,Store,Completed
O00965,C0167,2025-11-25,Online,Completed
O00966,C0275,2025-07-28,Store,Completed
O00967,C0132,2025-03-03,Online, COMPLETED 
O00968,C0087,2025-08-24,Store,Completed
O00969,C0149,2025-11-29, web ,Completed
O00970,C0260,03/31/2025,Online,Completed
O00971,C0075,2025-09-02,Store,Completed
O00972,C0071,2025-03-21,Store,Completed
O00973,C0135,2025-07-09,Online,Completed
O00974,C0113,2025-06-17,Online,Completed
O00975,C0264,2025-07-13,Store,Completed
O00976,C0046,2025-09-12,Store,Completed
O00977,C0170,2025-08-21,Store,Completed
O00978,C0281,2025-01-01,Online,Completed
O00979,C0168,2025-08-23,Store,Completed
O00980,C0255,2025-03-16, retail ,Completed
O00981,C0174,2025-09-28,Online,Completed
O00982,C0207,2025-10-19,Online,Completed
O00983,C0064,2025-05-26,Online,Completed
O00984,C0034,2025-04-11,Online,Completed
O00985,C0214,2025-10-09,Store,Completed
O00986,C0072,2025-04-15,Store,Completed
O00987,C0204,2025-07-10,Store,Completed
O00988,C0134,2025-04-28,Store,Completed
O00989,C0226,08/03/2025,Store,Completed
O00990,C0007,2025-03-28,Online, COMPLETED 
O00991,C0062,2025-06-26, web ,Completed
O00992,C0068,2025-01-20,Store,Cancelled
O00993,C0090,2025-02-27,Store,Completed
O00994,C0194,2025-12-25,Store,Completed
O00995,C0109,2025-12-02,Online,Completed
O00996,C0182,2025-03-11,Store,Completed
O00997,C0079,2025-08-27,Store,Completed
O00998,C0110,2025-06-20,Online,Completed
O00999,C0233,2025-03-31,Store,Completed
O01000,C0171,2025-08-03,Online,Completed
O01001,C0256,2025-06-04,Online,Completed
O01002,C0182,2025-06-01, retail ,Completed
O01003,C0063,2025-06-09,Store,Completed
O01004,C0267,2025-09-12,Store,Completed
O01005,C0211,2025-06-01,Online,Completed
O01006,C0186,2025-04-24,Store,Completed
O01007,C0242,2025-10-07,Store,Completed
O01008,C0180,12/16/2025,Store,Completed
O01009,C0210,2025-02-26,Online,Completed
O01010,C0174,2025-06-22,Store,Completed
O01011,C0037,2025-12-01,Store,Cancelled
O01012,C0248,2025-07-07,Online,Completed
O01013,C0260,2025-07-10, retail , COMPLETED 
O01014,C0294,2025-09-10,Store,Completed
O01015,C0233,2025-05-02,Online,Completed
O01016,C0030,2025-12-13,Online,Completed
O01017,C0075,2025-12-19,Online,Completed
O01018,C0003,2025-03-26,Online,Completed
O01019,C0121,2025-07-03,Online,Completed
O01020,C0242,2025-01-12,Store,Completed
O01021,C0201,2025-07-26,Online,Completed
O01022,C0112,2025-07-03,Online,Completed
O01023,C0181,2025-01-14,Store,Completed
O01024,C0124,2025-09-04, web ,Cancelled
O01025,C0060,2025-11-22,Online,Completed
O01026,C0094,2025-10-19,Store,Completed
O01027,C0243,05/11/2025,Online,Cancelled
O01028,C0162,2025-11-27,Online,Completed
O01029,C0017,2025-11-27,Store,Completed
O01030,C0157,2025-06-14,Online,Completed
O01031,C0230,2025-08-22,Online,Completed
O01032,C0146,2025-04-06,Store,Completed
O01033,C0227,2025-04-11,Online,Completed
O01034,C0002,2025-02-10,Online,Completed
O01035,C0279,2025-05-02, web ,Completed
O01036,C0030,2025-04-09,Store, COMPLETED 
O01037,C0218,2025-11-25,Store,Completed
O01038,C0123,2025-03-16,Store,Completed
O01039,C0243,2025-03-20,Store,Completed
O01040,C0079,2025-11-25,Store,Completed
O01041,C0079,2025-03-03,Online,Completed
O01042,C0196,2025-04-10,Store,Completed
O01043,C0053,2025-07-05,Store,Completed
O01044,C0101,2025-12-28,Online,Completed
O01045,C0278,2025-08-21,Store,Completed
O01046,C0292,12/08/2025, web ,Completed
O01047,C0231,2025-05-29,Online,Cancelled
O01048,C0129,2025-08-31,Store,Completed
O01049,C0045,2025-12-12,Store,Completed
O01050,C0234,2025-05-27,Store,Completed
O01051,C0037,2025-07-01,Store,Completed
O01052,C0108,2025-09-13,Online,Completed
O01053,C0183,2025-01-15,Online,Completed
O01054,C0219,2025-10-07,Store,Completed
O01055,C0272,2025-04-05,Store,Completed
O01056,C0007,2025-03-23,Store,Completed
O01057,C0074,2025-07-16, web ,Completed
O01058,C0248,2025-08-01,Online,Completed
O01059,C0201,2025-07-28,Online, COMPLETED 
O01060,C0105,2025-12-19,Online,Completed
O01061,C0288,2025-01-19,Store,Completed
O01062,C0230,2025-07-02,Online,Completed
O01063,C0129,2025-01-17,Store,Completed
O01064,C0014,2025-07-15,Online,Completed
O01065,C0196,02/17/2025,Store,Completed
O01066,C0111,2025-10-23,Online,Cancelled
O01067,C0287,2025-06-13,Store,Completed
O01068,C0197,2025-10-29, retail ,Completed
O01069,C0162,2025-10-15,Store,Completed
O01070,C0059,2025-10-26,Store,Completed
O01071,C0117,2025-03-12,Store,Cancelled
O01072,C0196,2025-12-10,Online,Completed
O01073,C0226,2025-07-07,Online,Completed
O01074,C0066,2025-07-15,Store,Completed
O01075,C0088,2025-05-21,Store,Completed
O01076,C0184,2025-09-02,Online,Completed
O01077,C0099,2025-07-07,Online,Completed
O01078,C0300,2025-10-28,Online,Completed
O01079,C0289,2025-08-28, retail ,Completed
O01080,C0239,2025-04-20,Store,Completed
O01081,C0239,2025-01-22,Store,Completed
O01082,C0164,2025-01-31,Online, COMPLETED 
O01083,C0127,2025-05-30,Online,Completed
O01084,C0170,05/21/2025,Store,Completed
O01085,C0068,2025-04-03,Store,Completed
O01086,C0187,2025-06-04,Store,Completed
O01087,C0046,2025-12-19,Store,Completed
O01088,C0216,2025-04-17,Store,Completed
O01089,C0174,2025-11-05,Online,Completed
O01090,C0276,2025-03-17, retail ,Completed
O01091,C0060,2025-02-08,Store,Completed
O01092,C0198,2025-12-19,Store,Completed
O01093,C0205,2025-04-16,Store,Completed
O01094,C0259,2025-11-24,Store,Completed
O01095,C0122,2025-12-02,Online,Completed
O01096,C0213,2025-03-04,Store,Completed
O01097,C0147,2025-06-03,Store,Completed
O01098,C0038,2025-03-24,Store,Completed
O01099,C0152,2025-10-29,Online,Completed
O01100,C0035,2025-09-04,Store,Completed
O01101,C0258,2025-07-08, retail ,Completed
O01102,C0039,2025-07-11,Store,Completed
O01103,C0182,10/22/2025,Online,Completed
O01104,C0045,2025-08-26,Store,Completed
O01105,C0229,2025-02-27,Online, CANCELLED 
O01106,C0162,2025-04-10,Store,Completed
O01107,C0265,2025-11-15,Store,Completed
O01108,C0283,2025-05-11,Online,Completed
O01109,C0289,2025-12-26,Online,Completed
O01110,C0270,2025-01-06,Online,Completed
O01111,C0036,2025-05-15,Online,Completed
O01112,C0221,2025-06-02, retail ,Completed
O01113,C0221,2025-05-03,Store,Completed
O01114,C0156,2025-10-15,Store,Completed
O01115,C0220,2025-03-09,Store,Completed
O01116,C0258,2025-09-13,Online,Completed
O01117,C0268,2025-08-03,Store,Completed
O01118,C0034,2025-08-02,Store,Completed
O01119,C0066,2025-01-12,Store,Completed
O01120,C0059,2025-09-23,Online,Completed
O01121,C0150,2025-04-11,Online,Completed
O01122,C0057,05/13/2025,Store,Completed
O01123,C0044,2025-04-30, retail ,Completed
O01124,C0296,2025-10-15,Store,Completed
O01125,C0283,2025-07-04,Online,Completed
O01126,C0089,2025-08-20,Online,Completed
O01127,C0040,2025-12-26,Online,Cancelled
O01128,C0181,2025-09-30,Online, COMPLETED 
O01129,C0204,2025-02-28,Store,Completed
O01130,C0238,2025-04-03,Store,Completed
O01131,C0077,2025-01-24,Store,Completed
O01132,C0227,2025-09-16,Online,Completed
O01133,C0244,2025-05-08,Store,Completed
O01134,C0182,2025-02-17, retail ,Completed
O01135,C0058,2025-10-01,Store,Completed
O01136,C0292,2025-10-09,Store,Completed
O01137,C0285,2025-05-07,Online,Completed
O01138,C0169,2025-12-15,Online,Cancelled
O01139,C0231,2025-11-11,Online,Completed
O01140,C0030,2025-09-27,Online,Completed
O01141,C0186,10/01/2025,Store,Completed
O01142,C0095,2025-05-28,Online,Completed
O01143,C0057,2025-09-01,Online,Completed
O01144,C0198,2025-10-23,Store,Completed
O01145,C0131,2025-09-08, web ,Completed
O01146,C0241,2025-09-12,Online,Cancelled
O01147,C0138,2025-10-17,Store,Completed
O01148,C0038,2025-05-22,Store,Completed
O01149,C0253,2025-10-13,Online,Completed
O01150,C0120,2025-06-22,Online,Completed
O01151,C0155,2025-12-28,Online, COMPLETED 
O01152,C0090,2025-10-19,Online,Cancelled
O01153,C0239,2025-07-20,Store,Completed
O01154,C0225,2025-12-09,Online,Completed
O01155,C0197,2025-07-26,Online,Completed
O01156,C0081,2025-02-09, retail ,Completed
O01157,C0218,2025-08-24,Store,Completed
O01158,C0120,2025-10-26,Online,Completed
O01159,C0044,2025-08-15,Online,Completed
O01160,C0183,06/27/2025,Online,Completed
O01161,C0224,2025-10-29,Online,Completed
O01162,C0041,2025-05-01,Store,Completed
O01163,C0151,2025-07-13,Online,Completed
O01164,C0215,2025-07-12,Store,Completed
O01165,C0081,2025-11-01,Store,Completed
O01166,C0120,2025-10-25,Online,Completed
O01167,C0222,2025-12-09, retail ,Completed
O01168,C0178,2025-10-20,Online,Completed
O01169,C0150,2025-11-07,Online,Completed
O01170,C0076,2025-03-08,Store,Cancelled
O01171,C0176,2025-04-14,Store,Completed
O01172,C0116,2025-08-22,Online,Completed
O01173,C0023,2025-10-01,Online,Completed
O01174,C0219,2025-08-12,Store, COMPLETED 
O01175,C0291,2025-05-03,Store,Completed
O01176,C0122,2025-08-05,Store,Completed
O01177,C0015,2025-08-24,Online,Completed
O01178,C0013,2025-10-13, retail ,Completed
O01179,C0252,04/18/2025,Online,Completed
O01180,C0009,2025-07-01,Store,Completed
O01181,C0148,2025-12-07,Online,Completed
O01182,C0216,2025-08-05,Online,Completed
O01183,C0182,2025-10-23,Store,Completed
O01184,C0106,2025-08-26,Store,Completed
O01185,C0094,2025-10-28,Online,Completed
O01186,C0236,2025-06-13,Store,Completed
O01187,C0292,2025-06-09,Store,Completed
O01188,C0088,2025-09-17,Store,Completed
O01189,C0146,2025-02-02, web ,Completed
O01190,C0188,2025-04-03,Online,Completed
O01191,C0176,2025-11-25,Online,Completed
O01192,C0260,2025-08-26,Online,Completed
O01193,C0158,2025-08-07,Online,Completed
O01194,C0119,2025-11-06,Online,Completed
O01195,C0265,2025-04-13,Online,Completed
O01196,C0087,2025-11-18,Online,Completed
O01197,C0063,2025-09-05,Store, COMPLETED 
O01198,C0138,12/29/2025,Online,Completed
O01199,C0083,2025-05-04,Store,Completed
O01200,C0171,2025-04-03, retail ,Completed
O01201,C0183,2025-04-14,Online,Completed
O01202,C0173,2025-08-28,Online,Completed
O01203,C0073,2025-09-11,Online,Completed
O01204,C0111,2025-01-31,Online,Completed
O01205,C0110,2025-03-13,Online,Completed
O01206,C0227,2025-10-31,Store,Completed
O01207,C0152,2025-07-09,Store,Completed
O01208,C0023,2025-07-26,Online,Completed
O01209,C0156,2025-06-18,Store,Completed
O01210,C0139,2025-07-26,Online,Completed
O01211,C0158,2025-01-01, retail ,Completed
O01212,C0180,2025-10-03,Store,Completed
O01213,C0003,2025-01-15,Online,Completed
O01214,C0261,2025-01-28,Online,Completed
O01215,C0192,2025-01-20,Store,Cancelled
O01216,C0163,2025-05-22,Store,Completed
O01217,C0179,03/18/2025,Online,Completed
O01218,C0006,2025-09-17,Store,Completed
O01219,C0139,2025-03-09,Store,Completed
O01220,C0094,2025-01-07,Store, COMPLETED 
O01221,C0178,2025-07-26,Online,Completed
O01222,C0084,2025-07-31, web ,Completed
O01223,C0268,2025-12-14,Online,Completed
O01224,C0076,2025-10-01,Online,Completed
O01225,C0214,2025-10-13,Online,Completed
O01226,C0295,2025-02-09,Store,Completed
O01227,C0206,2025-10-28,Store,Completed
O01228,C0105,2025-02-11,Store,Completed
O01229,C0004,2025-06-04,Online,Completed
O01230,C0256,2025-08-21,Online,Completed
O01231,C0112,2025-02-13,Online,Completed
O01232,C0271,2025-12-13,Store,Completed
O01233,C0263,2025-08-16, web ,Completed
O01234,C0152,2025-08-10,Online,Completed
O01235,C0256,2025-01-24,Store,Completed
O01236,C0276,02/02/2025,Online,Completed
O01237,C0147,2025-07-24,Store,Cancelled
O01238,C0129,2025-05-20,Online,Completed
O01239,C0263,2025-05-16,Online,Completed
O01240,C0063,2025-12-09,Store,Completed
O01241,C0017,2025-04-04,Store,Completed
O01242,C0224,2025-10-23,Online,Completed
O01243,C0079,2025-07-09,Online, COMPLETED 
O01244,C0245,2025-11-05, web ,Completed
O01245,C0008,2025-11-23,Store,Completed
O01246,C0251,2025-12-30,Online,Completed
O01247,C0198,2025-08-21,Store,Completed
O01248,C0278,2025-04-07,Online,Completed
O01249,C0226,2025-07-20,Store,Completed
O01250,C0172,2025-03-19,Store,Completed
O01251,C0076,2025-08-10,Store,Completed
O01252,C0119,2025-11-08,Online,Completed
O01253,C0009,2025-07-18,Store,Completed
O01254,C0048,2025-05-06,Online,Completed
O01255,C0254,07/27/2025, retail ,Completed
O01256,C0082,2025-09-01,Online,Completed
O01257,C0110,2025-12-20,Online,Completed
O01258,C0088,2025-06-06,Online,Completed
O01259,C0110,2025-12-10,Online,Completed
O01260,C0091,2025-01-31,Online,Completed
O01261,C0138,2025-10-08,Online,Completed
O01262,C0030,2025-03-28,Store,Completed
O01263,C0199,2025-03-21,Store,Completed
O01264,C0269,2025-02-01,Store,Completed
O01265,C0210,2025-12-06,Store,Completed
O01266,C0087,2025-04-17, retail , COMPLETED 
O01267,C0222,2025-03-15,Store,Completed
O01268,C0192,2025-12-13,Online,Completed
O01269,C0225,2025-06-09,Online,Completed
O01270,C0238,2025-09-10,Online,Cancelled
O01271,C0054,2025-08-24,Store,Cancelled
O01272,C0194,2025-11-14,Store,Completed
O01273,C0145,2025-12-18,Store,Completed
O01274,C0099,06/03/2025,Online,Completed
O01275,C0129,2025-09-12,Online,Completed
O01276,C0013,2025-02-09,Online,Completed
O01277,C0004,2025-02-16, retail ,Completed
O01278,C0139,2025-10-06,Store,Completed
O01279,C0036,2025-05-20,Store,Completed
O01280,C0074,2025-02-16,Online,Cancelled
O01281,C0171,2025-09-08,Store,Completed
O01282,C0132,2025-06-10,Online,Completed
O01283,C0094,2025-04-07,Store,Completed
O01284,C0063,2025-06-07,Store,Completed
O01285,C0241,2025-10-25,Online,Completed
O01286,C0027,2025-10-15,Store,Completed
O01287,C0168,2025-04-23,Store,Completed
O01288,C0292,2025-10-18, retail ,Completed
O01289,C0217,2025-04-06,Store, COMPLETED 
O01290,C0252,2025-10-06,Online,Completed
O01291,C0125,2025-09-18,Online,Completed
O01292,C0159,2025-02-09,Store,Completed
O01293,C0197,04/08/2025,Store,Completed
O01294,C0071,2025-02-02,Store,Completed
O01295,C0162,2025-06-10,Store,Completed
O01296,C0293,2025-01-06,Online,Completed
O01297,C0261,2025-10-09,Store,Cancelled
O01298,C0179,2025-10-30,Store,Cancelled
O01299,C0251,2025-10-17, web ,Completed
O01300,C0061,2025-02-09,Store,Completed
O01301,C0090,2025-12-04,Store,Completed
O01302,C0227,2025-03-24,Store,Completed
O01303,C0059,2025-05-02,Store,Completed
O01304,C0277,2025-11-06,Online,Completed
O01305,C0069,2025-11-04,Online,Completed
O01306,C0040,2025-08-05,Store,Completed
O01307,C0013,2025-05-27,Store,Completed
O01308,C0193,2025-10-26,Online,Completed
O01309,C0092,2025-02-22,Online,Completed
O01310,C0140,2025-10-25, retail ,Completed
O01311,C0162,2025-07-15,Store,Completed
O01312,C0246,10/20/2025,Store, COMPLETED 
O01313,C0287,2025-03-02,Online,Completed
O01314,C0008,2025-08-30,Online,Completed
O01315,C0233,2025-09-19,Store,Completed
O01316,C0202,2025-03-19,Store,Cancelled
O01317,C0110,2025-07-24,Online,Completed
O01318,C0097,2025-12-15,Online,Cancelled
O01319,C0029,2025-12-07,Online,Completed
O01320,C0277,2025-03-19,Online,Completed
O01321,C0078,2025-04-27, web ,Completed
O01322,C0276,2025-09-09,Store,Completed
O01323,C0071,2025-01-04,Online,Completed
O01324,C0122,2025-06-05,Online,Completed
O01325,C0198,2025-06-03,Online,Completed
O01326,C0204,2025-08-19,Store,Completed
O01327,C0205,2025-05-13,Online,Completed
O01328,C0058,2025-08-03,Store,Completed
O01329,C0079,2025-02-15,Store,Completed
O01330,C0178,2025-02-13,Store,Cancelled
O01331,C0155,08/13/2025,Online,Completed
O01332,C0048,2025-09-02, web ,Completed
O01333,C0028,2025-07-16,Store,Completed
O01334,C0128,2025-08-16,Store,Completed
O01335,C0053,2025-02-08,Online, COMPLETED 
O01336,C0242,2025-09-12,Online,Completed
O01337,C0175,2025-08-19,Store,Completed
O01338,C0288,2025-01-20,Store,Cancelled
O01339,C0028,2025-10-02,Online,Completed
O01340,C0184,2025-06-24,Store,Completed
O01341,C0225,2025-01-28,Store,Completed
O01342,C0225,2025-03-15,Online,Completed
O01343,C0205,2025-02-25, retail ,Cancelled
O01344,C0119,2025-10-18,Online,Completed
O01345,C0027,2025-01-20,Store,Completed
O01346,C0133,2025-10-03,Store,Completed
O01347,C0047,2025-07-22,Store,Completed
O01348,C0009,2025-07-24,Store,Completed
O01349,C0297,2025-07-25,Online,Completed
O01350,C0184,11/20/2025,Store,Completed
O01351,C0255,2025-09-07,Store,Completed
O01352,C0230,2025-04-26,Store,Completed
O01353,C0023,2025-03-08,Online,Completed
O01354,C0296,2025-09-03, web ,Completed
O01355,C0009,2025-05-13,Online,Completed
O01356,C0161,2025-02-01,Store,Completed
O01357,C0257,2025-07-18,Store,Completed
O01358,C0129,2025-09-01,Store, CANCELLED 
O01359,C0191,2025-12-19,Online,Completed
O01360,C0142,2025-06-08,Online,Completed
O01361,C0050,2025-07-27,Online,Completed
O01362,C0245,2025-05-09,Online,Completed
O01363,C0300,2025-11-25,Online,Completed
O01364,C0117,2025-08-03,Store,Completed
O01365,C0163,2025-07-31, retail ,Completed
O01366,C0216,2025-10-26,Online,Completed
O01367,C0035,2025-04-02,Online,Completed
O01368,C0060,2025-08-22,Store,Completed
O01369,C0220,12/22/2025,Online,Completed
O01370,C0169,2025-03-04,Store,Cancelled
O01371,C0095,2025-02-05,Store,Completed
O01372,C0142,2025-03-20,Online,Cancelled
O01373,C0047,2025-06-22,Online,Completed
O01374,C0147,2025-09-21,Store,Completed
O01375,C0005,2025-04-27,Online,Completed
O01376,C0054,2025-05-16, web ,Completed
O01377,C0261,2025-10-16,Store,Cancelled
O01378,C0198,2025-07-04,Online,Completed
O01379,C0045,2025-04-04,Store,Completed
O01380,C0270,2025-01-11,Online,Completed
O01381,C0001,2025-06-08,Store, COMPLETED 
O01382,C0075,2025-04-25,Store,Completed
O01383,C0146,2025-07-21,Store,Completed
O01384,C0085,2025-02-21,Online,Completed
O01385,C0033,2025-04-12,Store,Completed
O01386,C0247,2025-11-10,Store,Completed
O01387,C0266,2025-06-26, web ,Completed
O01388,C0038,01/31/2025,Online,Completed
O01389,C0018,2025-10-09,Online,Completed
O01390,C0279,2025-02-17,Store,Completed
O01391,C0029,2025-01-08,Store,Completed
O01392,C0169,2025-07-07,Store,Completed
O01393,C0183,2025-09-14,Online,Completed
O01394,C0187,2025-04-14,Store,Cancelled
O01395,C0215,2025-02-02,Store,Completed
O01396,C0113,2025-11-13,Store,Cancelled
O01397,C0081,2025-09-16,Store,Cancelled
O01398,C0264,2025-06-10, web ,Completed
O01399,C0141,2025-08-12,Online,Completed
O01400,C0147,2025-12-29,Online,Completed
O01401,C0053,2025-02-06,Store,Completed
O01402,C0278,2025-04-16,Online,Completed
O01403,C0071,2025-02-20,Store,Completed
O01404,C0045,2025-03-26,Online, COMPLETED 
O01405,C0274,2025-06-12,Online,Cancelled
O01406,C0269,2025-11-10,Store,Completed
O01407,C0007,07/31/2025,Store,Completed
O01408,C0053,2025-03-29,Store,Completed
O01409,C0095,2025-08-16, web ,Cancelled
O01410,C0090,2025-05-15,Online,Completed
O01411,C0092,2025-10-07,Online,Completed
O01412,C0156,2025-12-11,Online,Completed
O01413,C0206,2025-10-02,Store,Completed
O01414,C0018,2025-12-14,Online,Completed
O01415,C0204,2025-02-16,Store,Completed
O01416,C0173,2025-08-26,Online,Completed
O01417,C0138,2025-04-29,Store,Completed
O01418,C0222,2025-05-06,Store,Completed
O01419,C0086,2025-02-09,Online,Completed
O01420,C0244,2025-04-27, retail ,Cancelled
O01421,C0026,2025-02-12,Store,Completed
O01422,C0224,2025-09-14,Store,Completed
O01423,C0264,2025-01-27,Online,Completed
O01424,C0049,2025-07-02,Store,Completed
O01425,C0050,2025-07-06,Store,Completed
O01426,C0179,10/19/2025,Online,Completed
O01427,C0041,2025-11-10,Online, COMPLETED 
O01428,C0076,2025-12-28,Store,Completed
O01429,C0062,2025-03-03,Store,Completed
O01430,C0031,2025-07-18,Store,Cancelled
O01431,C0293,2025-09-15, retail ,Completed
O01432,C0195,2025-04-23,Online,Completed
O01433,C0265,2025-01-17,Online,Completed
O01434,C0021,2025-10-15,Store,Cancelled
O01435,C0070,2025-03-18,Online,Completed
O01436,C0229,2025-05-17,Online,Completed
O01437,C0094,2025-12-08,Online,Completed
O01438,C0264,2025-04-01,Store,Completed
O01439,C0177,2025-08-07,Store,Completed
O01440,C0106,2025-01-16,Store,Completed
O01441,C0208,2025-11-23,Online,Completed
O01442,C0240,2025-09-10, web ,Completed
O01443,C0043,2025-05-31,Online,Completed
O01444,C0046,2025-06-11,Online,Completed
O01445,C0056,10/09/2025,Store,Completed
O01446,C0190,2025-10-30,Store,Completed
O01447,C0249,2025-12-29,Online,Completed
O01448,C0052,2025-08-21,Online,Completed
O01449,C0252,2025-01-11,Store,Completed
O01450,C0251,2025-04-06,Online, COMPLETED 
O01451,C0266,2025-10-29,Online,Completed
O01452,C0183,2025-11-08,Online,Cancelled
O01453,C0262,2025-09-03, web ,Completed
O01454,C0083,2025-04-04,Online,Completed
O01455,C0285,2025-08-22,Store,Completed
O01456,C0219,2025-06-30,Store,Completed
O01457,C0248,2025-06-19,Store,Completed
O01458,C0038,2025-11-25,Online,Completed
O01459,C0158,2025-04-10,Online,Completed
O01460,C0109,2025-09-10,Online,Completed
O01461,C0100,2025-04-24,Store,Completed
O01462,C0256,2025-11-22,Online,Completed
O01463,C0004,2025-11-23,Online,Completed
O01464,C0120,01/15/2025, retail ,Completed
O01465,C0031,2025-07-28,Online,Completed
O01466,C0193,2025-07-16,Store,Completed
O01467,C0011,2025-01-29,Online,Completed
O01468,C0239,2025-05-12,Online,Completed
O01469,C0124,2025-10-18,Online,Cancelled
O01470,C0115,2025-01-15,Store,Completed
O01471,C0144,2025-01-01,Store,Completed
O01472,C0273,2025-03-23,Store,Cancelled
O01473,C0077,2025-12-28,Online, COMPLETED 
O01474,C0142,2025-09-14,Store,Completed
O01475,C0093,2025-03-25, web ,Cancelled
O01476,C0108,2025-11-19,Store,Completed
O01477,C0264,2025-04-06,Store,Completed
O01478,C0160,2025-08-17,Store,Completed
O01479,C0051,2025-06-04,Online,Completed
O01480,C0282,2025-09-07,Online,Completed
O01481,C0233,2025-12-09,Store,Completed
O01482,C0052,2025-07-03,Store,Cancelled
O01483,C0178,08/23/2025,Online,Completed
O01484,C0055,2025-02-14,Store,Completed
O01485,C0081,2025-01-14,Online,Completed
O01486,C0074,2025-02-13, retail ,Completed
O01487,C0165,2025-05-03,Online,Completed
O01488,C0120,2025-08-05,Online,Completed
O01489,C0294,2025-07-31,Online,Completed
O01490,C0053,2025-10-10,Online,Completed
O01491,C0193,2025-06-07,Store,Completed
O01492,C0032,2025-07-01,Store,Completed
O01493,C0121,2025-06-22,Online,Completed
O01494,C0044,2025-09-27,Store,Completed
O01495,C0137,2025-03-09,Store,Completed
O01496,C0067,2025-12-13,Store, COMPLETED 
O01497,C0248,2025-02-14, web ,Completed
O01498,C0030,2025-11-07,Online,Completed
O01499,C0051,2025-06-17,Store,Cancelled
O01500,C0183,2025-10-17,Store,Completed
O01501,C0226,2025-12-16,Online,Completed
O01502,C0212,12/12/2025,Online,Completed
O01503,C0158,2025-10-12,Online,Cancelled
O01504,C0102,2025-01-20,Store,Completed
O01505,C0239,2025-02-01,Online,Completed
O01506,C0129,2025-04-17,Online,Completed
O01507,C0236,2025-05-16,Online,Completed
O01508,C0140,2025-11-20, retail ,Completed
O01509,C0007,2025-01-29,Store,Completed
O01510,C0142,2025-11-19,Store,Completed
O01511,C0012,2025-07-05,Online,Completed
O01512,C0073,2025-02-06,Store,Completed
O01513,C0179,2025-01-25,Online,Completed
O01514,C0007,2025-04-06,Store,Completed
O01515,C0265,2025-01-04,Online,Completed
O01516,C0024,2025-02-24,Store,Completed
O01517,C0054,2025-07-26,Online,Completed
O01518,C0012,2025-07-09,Store,Cancelled
O01519,C0156,2025-09-26, web , COMPLETED 
O01520,C0084,2025-12-05,Online,Completed
O01521,C0009,11/09/2025,Store,Cancelled
O01522,C0291,2025-07-03,Store,Completed
O01523,C0142,2025-03-12,Online,Completed
O01524,C0153,2025-04-02,Online,Completed
O01525,C0282,2025-06-14,Online,Completed
O01526,C0279,2025-10-08,Online,Completed
O01527,C0031,2025-08-26,Store,Completed
O01528,C0089,2025-12-02,Online,Completed
O01529,C0036,2025-10-05,Store,Completed
O01530,C0241,2025-04-26, retail ,Cancelled
O01531,C0141,2025-04-14,Online,Completed
O01532,C0278,2025-03-29,Store,Cancelled
O01533,C0211,2025-06-05,Online,Completed
O01534,C0267,2025-07-28,Online,Completed
O01535,C0040,2025-12-23,Online,Completed
O01536,C0285,2025-08-25,Store,Completed
O01537,C0132,2025-07-23,Online,Completed
O01538,C0081,2025-10-16,Store,Completed
O01539,C0149,2025-07-25,Online,Completed
O01540,C0116,10/04/2025,Store,Completed
O01541,C0177,2025-06-25, web ,Completed
O01542,C0184,2025-10-21,Online, COMPLETED 
O01543,C0269,2025-12-04,Store,Completed
O01544,C0221,2025-08-22,Store,Completed
O01545,C0228,2025-05-18,Online,Completed
O01546,C0191,2025-03-07,Online,Completed
O01547,C0197,2025-09-19,Online,Completed
O01548,C0015,2025-11-11,Store,Completed
O01549,C0209,2025-10-02,Online,Completed
O01550,C0109,2025-11-14,Online,Completed
O01551,C0197,2025-08-18,Online,Completed
O01552,C0070,2025-11-23, retail ,Completed
O01553,C0253,2025-10-12,Online,Completed
O01554,C0046,2025-06-02,Online,Completed
O01555,C0104,2025-01-30,Store,Completed
O01556,C0217,2025-02-23,Store,Completed
O01557,C0139,2025-07-04,Online,Completed
O01558,C0257,2025-02-08,Store,Completed
O01559,C0099,03/07/2025,Online,Completed
O01560,C0294,2025-11-11,Online,Completed
O01561,C0047,2025-04-21,Store,Completed
O01562,C0294,2025-04-21,Store,Completed
O01563,C0130,2025-03-12, retail ,Completed
O01564,C0291,2025-06-07,Store,Completed
O01565,C0192,2025-12-04,Store, COMPLETED 
O01566,C0017,2025-07-01,Store,Completed
O01567,C0102,2025-06-28,Store,Completed
O01568,C0027,2025-06-12,Online,Completed
O01569,C0119,2025-08-18,Online,Completed
O01570,C0146,2025-07-15,Store,Completed
O01571,C0092,2025-12-30,Online,Completed
O01572,C0079,2025-11-15,Store,Completed
O01573,C0268,2025-11-01,Online,Completed
O01574,C0294,2025-11-24, web ,Completed
O01575,C0215,2025-11-04,Store,Completed
O01576,C0232,2025-10-14,Store,Cancelled
O01577,C0136,2025-08-19,Store,Completed
O01578,C0047,10/28/2025,Online,Completed
O01579,C0205,2025-03-09,Store,Completed
O01580,C0223,2025-12-03,Store,Completed
O01581,C0203,2025-08-15,Online,Completed
O01582,C0182,2025-08-09,Online,Completed
O01583,C0134,2025-03-25,Online,Completed
O01584,C0240,2025-02-25,Online,Completed
O01585,C0051,2025-11-26, web ,Completed
O01586,C0267,2025-10-22,Store,Completed
O01587,C0141,2025-04-25,Store,Completed
O01588,C0227,2025-02-18,Store, COMPLETED 
O01589,C0026,2025-08-15,Online,Completed
O01590,C0019,2025-01-21,Store,Completed
O01591,C0131,2025-07-18,Online,Completed
O01592,C0212,2025-08-14,Store,Completed
O01593,C0105,2025-05-26,Store,Cancelled
O01594,C0218,2025-09-19,Store,Cancelled
O01595,C0059,2025-06-23,Store,Completed
O01596,C0158,2025-10-24, web ,Completed
O01597,C0031,10/31/2025,Online,Completed
O01598,C0143,2025-02-28,Online,Completed
O01599,C0084,2025-09-28,Store,Completed
O01600,C0233,2025-04-14,Online,Completed
O01601,C0244,2025-05-26,Online,Completed
O01602,C0277,2025-03-26,Store,Completed
O01603,C0157,2025-06-21,Store,Completed
O01604,C0144,2025-06-04,Store,Completed
O01605,C0219,2025-10-26,Online,Completed
O01606,C0175,2025-04-01,Store,Completed
O01607,C0163,2025-05-07, web ,Cancelled
O01608,C0189,2025-10-15,Online,Completed
O01609,C0075,2025-09-02,Store,Completed
O01610,C0080,2025-02-12,Store,Completed
O01611,C0153,2025-05-24,Store, CANCELLED 
O01612,C0054,2025-08-11,Online,Completed
O01613,C0263,2025-09-02,Online,Completed
O01614,C0076,2025-08-24,Store,Completed
O01615,C0080,2025-07-24,Online,Completed
O01616,C0161,09/27/2025,Store,Completed
O01617,C0072,2025-07-18,Store,Completed
O01618,C0119,2025-12-18, web ,Completed
O01619,C0095,2025-02-03,Online,Completed
O01620,C0296,2025-02-17,Store,Completed
O01621,C0134,2025-01-05,Online,Completed
O01622,C0162,2025-12-15,Store,Completed
O01623,C0050,2025-11-15,Store,Completed
O01624,C0116,2025-11-12,Online,Completed
O01625,C0114,2025-01-05,Online,Completed
O01626,C0218,2025-08-14,Store,Completed
O01627,C0274,2025-04-26,Store,Completed
O01628,C0167,2025-01-04,Store,Completed
O01629,C0240,2025-01-14, retail ,Completed
O01630,C0111,2025-06-07,Online,Completed
O01631,C0015,2025-06-04,Store,Completed
O01632,C0087,2025-04-23,Online,Completed
O01633,C0237,2025-02-04,Store,Completed
O01634,C0151,2025-06-25,Store, COMPLETED 
O01635,C0199,04/08/2025,Online,Completed
O01636,C0097,2025-05-03,Online,Completed
O01637,C0221,2025-11-22,Store,Completed
O01638,C0051,2025-09-22,Store,Completed
O01639,C0001,2025-09-30,Store,Completed
O01640,C0071,2025-05-02, retail ,Completed
O01641,C0147,2025-08-29,Online,Completed
O01642,C0219,2025-01-05,Online,Completed
O01643,C0008,2025-06-11,Store,Completed
O01644,C0272,2025-04-14,Store,Completed
O01645,C0224,2025-11-12,Store,Completed
O01646,C0298,2025-01-24,Store,Completed
O01647,C0262,2025-12-21,Store,Cancelled
O01648,C0050,2025-06-28,Online,Completed
O01649,C0043,2025-06-15,Online,Completed
O01650,C0283,2025-08-21,Online,Completed
O01651,C0281,2025-06-08, web ,Completed
O01652,C0273,2025-10-15,Store,Completed
O01653,C0199,2025-01-16,Store,Completed
O01654,C0177,11/19/2025,Online,Completed
O01655,C0244,2025-09-25,Store,Completed
O01656,C0169,2025-12-23,Online,Completed
O01657,C0092,2025-09-28,Online, COMPLETED 
O01658,C0133,2025-01-14,Online,Completed
O01659,C0282,2025-04-15,Store,Completed
O01660,C0167,2025-03-07,Online,Completed
O01661,C0134,2025-02-03,Online,Cancelled
O01662,C0047,2025-09-02, retail ,Completed
O01663,C0298,2025-05-18,Online,Completed
O01664,C0245,2025-01-29,Store,Completed
O01665,C0195,2025-02-25,Online,Completed
O01666,C0224,2025-01-30,Store,Completed
O01667,C0115,2025-04-03,Online,Cancelled
O01668,C0193,2025-03-16,Online,Completed
O01669,C0094,2025-04-22,Store,Completed
O01670,C0291,2025-06-08,Store,Completed
O01671,C0190,2025-05-08,Online,Completed
O01672,C0072,2025-12-14,Store,Completed
O01673,C0152,05/07/2025, retail ,Completed
O01674,C0071,2025-07-17,Store,Completed
O01675,C0080,2025-03-02,Store,Completed
O01676,C0275,2025-12-26,Store,Completed
O01677,C0048,2025-04-12,Online,Completed
O01678,C0087,2025-01-19,Online,Completed
O01679,C0200,2025-09-30,Online,Completed
O01680,C0156,2025-01-26,Online, CANCELLED 
O01681,C0024,2025-02-12,Online,Completed
O01682,C0227,2025-03-14,Online,Completed
O01683,C0154,2025-04-23,Store,Cancelled
O01684,C0206,2025-09-12, web ,Completed
O01685,C0111,2025-04-09,Online,Completed
O01686,C0023,2025-07-07,Online,Completed
O01687,C0139,2025-11-20,Online,Completed
O01688,C0259,2025-07-11,Online,Completed
O01689,C0257,2025-09-12,Online,Completed
O01690,C0140,2025-05-26,Online,Completed
O01691,C0182,2025-01-14,Store,Completed
O01692,C0169,09/08/2025,Online,Completed
O01693,C0128,2025-06-22,Store,Completed
O01694,C0093,2025-10-08,Online,Completed
O01695,C0010,2025-04-29, retail ,Cancelled
O01696,C0240,2025-01-14,Online,Completed
O01697,C0022,2025-06-01,Online,Completed
O01698,C0016,2025-10-06,Online,Completed
O01699,C0066,2025-12-03,Store,Completed
O01700,C0282,2025-11-04,Online,Completed
O01701,C0158,2025-06-18,Store,Cancelled
O01702,C0208,2025-08-15,Online,Completed
O01703,C0071,2025-07-30,Online, COMPLETED 
O01704,C0058,2025-09-20,Online,Completed
O01705,C0169,2025-06-11,Online,Completed
O01706,C0221,2025-05-12, web ,Completed
O01707,C0086,2025-11-23,Online,Completed
O01708,C0062,2025-01-01,Online,Completed
O01709,C0100,2025-12-05,Store,Completed
O01710,C0172,2025-11-27,Online,Completed
O01711,C0275,06/02/2025,Online,Completed
O01712,C0083,2025-03-02,Store,Completed
O01713,C0119,2025-02-04,Store,Completed
O01714,C0285,2025-09-12,Online,Completed
O01715,C0075,2025-12-02,Store,Completed
O01716,C0183,2025-03-09,Online,Completed
O01717,C0180,2025-10-18, web ,Completed
O01718,C0192,2025-04-02,Online,Completed
O01719,C0214,2025-05-09,Online,Completed
O01720,C0268,2025-11-14,Store,Completed
O01721,C0139,2025-01-31,Store,Cancelled
O01722,C0271,2025-12-17,Online,Completed
O01723,C0158,2025-10-01,Online,Completed
O01724,C0254,2025-01-31,Online,Completed
O01725,C0157,2025-12-17,Online,Completed
O01726,C0245,2025-09-08,Online, COMPLETED 
O01727,C0149,2025-04-01,Store,Completed
O01728,C0262,2025-05-05, retail ,Completed
O01729,C0133,2025-02-13,Store,Completed
O01730,C0077,06/20/2025,Store,Completed
O01731,C0202,2025-08-25,Store,Completed
O01732,C0182,2025-03-18,Store,Completed
O01733,C0192,2025-08-27,Online,Completed
O01734,C0172,2025-07-29,Online,Completed
O01735,C0299,2025-02-13,Online,Completed
O01736,C0192,2025-02-27,Online,Completed
O01737,C0286,2025-05-11,Online,Completed
O01738,C0212,2025-03-11,Store,Completed
O01739,C0293,2025-10-09, retail ,Completed
O01740,C0168,2025-03-17,Store,Completed
O01741,C0184,2025-03-22,Online,Completed
O01742,C0214,2025-09-24,Store,Completed
O01743,C0226,2025-06-15,Store,Completed
O01744,C0191,2025-07-22,Online,Completed
O01745,C0101,2025-05-06,Store,Cancelled
O01746,C0237,2025-05-04,Store,Completed
O01747,C0138,2025-07-09,Store,Completed
O01748,C0215,2025-09-09,Online,Cancelled
O01749,C0265,05/24/2025,Online, CANCELLED 
O01750,C0124,2025-11-23, retail ,Completed
O01751,C0041,2025-06-28,Store,Completed
O01752,C0267,2025-07-06,Store,Completed
O01753,C0227,2025-09-20,Online,Completed
O01754,C0287,2025-12-18,Store,Completed
O01755,C0232,2025-06-30,Online,Completed
O01756,C0202,2025-11-30,Online,Completed
O01757,C0127,2025-05-10,Store,Completed
O01758,C0167,2025-12-20,Store,Cancelled
O01759,C0288,2025-11-05,Store,Completed
O01760,C0174,2025-10-08,Online,Completed
O01761,C0058,2025-01-17, retail ,Completed
O01762,C0141,2025-07-10,Online,Completed
O01763,C0293,2025-04-18,Store,Completed
O01764,C0127,2025-02-18,Online,Completed
O01765,C0097,2025-01-15,Online,Completed
O01766,C0022,2025-02-09,Store,Cancelled
O01767,C0131,2025-09-03,Store,Completed
O01768,C0300,03/05/2025,Online,Completed
O01769,C0270,2025-09-15,Online,Completed
O01770,C0292,2025-01-17,Online,Completed
O01771,C0086,2025-11-25,Store,Completed
O01772,C0108,2025-11-17, retail , COMPLETED 
O01773,C0283,2025-07-13,Online,Completed
O01774,C0138,2025-05-21,Online,Completed
O01775,C0265,2025-01-01,Online,Completed
O01776,C0288,2025-01-09,Online,Completed
O01777,C0098,2025-12-27,Store,Completed
O01778,C0201,2025-09-15,Online,Completed
O01779,C0297,2025-03-10,Online,Completed
O01780,C0245,2025-11-24,Store,Completed
O01781,C0074,2025-12-09,Store,Completed
O01782,C0119,2025-08-01,Store,Completed
O01783,C0016,2025-06-19, web ,Completed
O01784,C0233,2025-08-28,Online,Completed
O01785,C0097,2025-01-29,Store,Completed
O01786,C0055,2025-10-20,Store,Completed
O01787,C0289,11/12/2025,Store,Completed
O01788,C0244,2025-05-11,Online,Completed
O01789,C0029,2025-09-24,Online,Completed
O01790,C0082,2025-04-07,Online,Completed
O01791,C0204,2025-12-20,Store,Completed
O01792,C0031,2025-11-15,Store,Completed
O01793,C0088,2025-03-05,Store,Completed
O01794,C0022,2025-08-28, web ,Completed
O01795,C0183,2025-10-27,Store, COMPLETED 
O01796,C0279,2025-01-29,Online,Cancelled
O01797,C0293,2025-08-09,Online,Completed
O01798,C0262,2025-08-21,Online,Completed
O01799,C0288,2025-10-24,Store,Completed
O01800,C0194,2025-02-13,Online,Completed
O00001,C0188,03/25/2025, retail , COMPLETED 
O00002,C0231,2025-08-29,Store,Completed
O00003,C0023,2025-08-08,Store,Completed
O00004,C0237,2025-11-13,Store,Completed
O00005,C0270,2025-10-16,Store,Completed
O00006,C0253,2025-10-14,Online,Cancelled
O00007,C0228,2025-11-09,Online,Completed
O00008,C0010,2025-03-17,Online,Completed
O00009,C0286,2025-11-04,Online,Completed
O00010,C0109,2025-07-03,Store,Completed
O00011,C0280,2025-10-20,Store,Completed
O00012,C0293,2025-12-02, web ,Completed
OX0001,C0188,2025-02-30,Store,Completed
