customer_id,customer_name,region,segment,gross_sales,discounts,sales_before_returns,refunds,net_sales,sold_units,returned_units,completed_orders,purchasing_customers,aov,unit_return_rate,net_sales_share,is_repeat_customer
C0001,Customer 0001,East,Business,3171.00,120.9000,3050.1000,0.0000,3050.1000,20,0,4,1,762.5250,0,0.001626291006116466557674972778,True
C0002,Customer 0002,West,Consumer,4523.00,392.7500,4130.2500,680.4000,3449.8500,33,4,4,1,862.4625,0.1212121212121212121212121212,0.001839434781630402988097113156,True
C0003,Customer 0003,North,Business,6046.00,527.5500,5518.4500,392.0000,5126.4500,31,2,4,1,1281.6125,0.06451612903225806451612903226,0.002733385635981036682270372839,True
C0004,Customer 0004,North,Consumer,10163.00,737.7500,9425.2500,0.0000,9425.2500,48,0,5,1,1885.0500,0,0.005025474346873619364193317325,True
C0005,Customer 0005,South,Business,6404.00,429.5500,5974.4500,186.2000,5788.2500,47,1,4,1,1447.0625,0.02127659574468085106382978723,0.003086252554392851890909203364,True
C0006,Customer 0006,East,Consumer,7614.00,589.3500,7024.6500,0.0000,7024.6500,44,0,5,1,1404.9300,0,0.003745491989153154586528801523,True
C0007,Customer 0007,North,Consumer,8116.00,847.0000,7269.0000,434.8000,6834.2000,46,3,5,1,1366.8400,0.06521739130434782608695652174,0.003643945442444888937563456594,True
C0008,Customer 0008,North,Consumer,7508.00,818.4000,6689.6000,312.0000,6377.6000,54,4,7,1,911.0857142857142857142857143,0.07407407407407407407407407407,0.003400489662833473367505297003,True
C0009,Customer 0009,South,Business,12189.00,1070.4000,11118.6000,855.0000,10263.6000,59,3,7,1,1466.228571428571428571428571,0.05084745762711864406779661017,0.005472476433683146834973558442,True
C0010,Customer 0010,West,Consumer,3550.00,339.5500,3210.4500,0.0000,3210.4500,22,0,4,1,802.6125,0,0.001711788453029936743086330401,True
C0011,Customer 0011,North,Business,6501.00,683.7000,5817.3000,0.0000,5817.3000,41,0,5,1,1163.4600,0,0.003101741801869224256897353903,True
C0012,Customer 0012,West,Consumer,2390.00,390.5000,1999.5000,58.5000,1941.0000,16,1,2,1,970.5000,0.0625,0.001034927000056411785989679736,True
C0013,Customer 0013,West,Business,2530.00,330.5000,2199.5000,0.0000,2199.5000,24,0,4,1,549.8750,0,0.001172757308925336281959969386,True
C0014,Customer 0014,North,Business,3293.00,230.3000,3062.7000,0.0000,3062.7000,20,0,3,1,1020.9000,0,0.001633009233937543728465013976,True
C0015,Customer 0015,West,Consumer,3967.00,293.8000,3673.2000,521.1000,3152.1000,23,3,4,1,788.0250,0.1304347826086956521739130435,0.001680676659906138892641972949,True
C0016,Customer 0016,East,Consumer,8688.00,720.7000,7967.3000,0.0000,7967.3000,45,0,7,1,1138.185714285714285714285714,0,0.004248106072926043082182161442,True
C0017,Customer 0017,South,Consumer,5536.00,615.3000,4920.7000,357.2000,4563.5000,32,2,6,1,760.5833333333333333333333333,0.0625,0.002433224814403624515901032186,True
C0018,Customer 0018,North,Consumer,947.00,176.0000,771.0000,0.0000,771.0000,4,0,2,1,385.5000,0,0.0004110915595278173554858542381,True
C0019,Customer 0019,North,Business,7849.00,694.7000,7154.3000,199.2000,6955.1000,39,1,4,1,1738.7750,0.02564102564102564102564102564,0.003708408437966177028715518562,True
C0020,Customer 0020,West,Consumer,1113.00,99.6000,1013.4000,0.0000,1013.4000,7,0,2,1,506.7000,0,0.0005403374661809210221133134694,True
C0021,Customer 0021,West,Business,4632.00,529.7000,4102.3000,214.4000,3887.9000,23,2,3,1,1295.966666666666666666666667,0.08695652173913043478260869565,0.002072999836949677167825489873,True
C0022,Customer 0022,East,Consumer,3853.00,262.3500,3590.6500,130.0000,3460.6500,34,2,4,1,865.1625,0.05882352941176470588235294118,0.001845193262619897705917148468,True
C0023,Customer 0023,South,Consumer,11415.00,968.4500,10446.5500,115.9000,10330.6500,70,1,8,1,1291.33125,0.01428571428571428571428571429,0.005508227003159593208106277672,True
C0024,Customer 0024,South,Business,5304.00,243.9500,5060.0500,269.0000,4791.0500,33,1,4,1,1197.7625,0.03030303030303030303030303030,0.002554552809696172945525942863,True
C0025,Customer 0025,East,Business,5442.00,490.3000,4951.7000,0.0000,4951.7000,30,0,5,1,990.3400,0,0.002640210214414906873098968134,True
C0026,Customer 0026,South,Consumer,7188.00,360.2500,6827.7500,188.0000,6639.7500,35,1,5,1,1327.9500,0.02857142857142857142857142857,0.003540266124999773393109209699,True
C0027,Customer 0027,North,Consumer,5323.00,453.3500,4869.6500,0.0000,4869.6500,45,0,5,1,973.9300,0,0.002596461754675273391882866525,True
C0028,Customer 0028,West,Consumer,3917.00,370.7500,3546.2500,0.0000,3546.2500,17,0,3,1,1182.083333333333333333333333,0,0.001890834556388485469379650573,True
C0029,Customer 0029,East,Consumer,5046.00,395.0500,4650.9500,195.0000,4455.9500,31,3,7,1,636.5642857142857142857142857,0.09677419354838709677419354839,0.002375879941216572950943180535,True
C0030,Customer 0030,South,Business,14415.00,1181.4500,13233.5500,266.2000,12967.3500,81,2,8,1,1620.91875,0.02469135802469135802469135802,0.006914096153622623067003232107,True
C0031,Customer 0031,South,Consumer,5075.00,402.8000,4672.2000,0.0000,4672.2000,29,0,5,1,934.4400,0,0.002491182859177520425811943154,True
C0032,Customer 0032,North,Business,3834.00,367.2000,3466.8000,0.0000,3466.8000,18,0,2,1,1733.4000,0,0.001848472397627804420231335244,True
C0033,Customer 0033,South,Business,8091.00,363.7000,7727.3000,500.4500,7226.8500,44,5,5,1,1445.3700,0.1136363636363636363636363636,0.003853303549900916803492795980,True
C0034,Customer 0034,East,Consumer,9533.00,632.0500,8900.9500,159.2000,8741.7500,51,1,6,1,1456.958333333333333333333333,0.01960784313725490196078431373,0.004661037147214393472527193627,True
C0035,Customer 0035,South,Business,1477.00,92.1500,1384.8500,0.0000,1384.8500,6,0,2,1,692.4250,0,0.0007383918887316444419514724276,True
C0036,Customer 0036,West,Consumer,12657.00,1199.2500,11457.7500,379.8000,11077.9500,68,2,8,1,1384.74375,0.02941176470588235294117647059,0.005906681896071574932820387753,True
C0037,Customer 0037,East,Business,4858.00,378.6000,4479.4000,0.0000,4479.4000,26,0,3,1,1493.133333333333333333333333,0,0.002388383309661355463246868319,True
C0038,Customer 0038,South,Consumer,9043.00,1162.0000,7881.0000,997.8000,6883.2000,54,6,7,1,983.3142857142857142857142857,0.1111111111111111111111111111,0.003670071883971300157302505696,True
C0039,Customer 0039,North,Business,8602.00,977.3500,7624.6500,858.6000,6766.0500,57,6,7,1,966.5785714285714285714285714,0.1052631578947368421052631579,0.003607608361015808843171289323,True
C0040,Customer 0040,North,Consumer,6553.00,651.8000,5901.2000,207.9000,5693.3000,32,1,4,1,1423.3250,0.03125,0.003035625909026877496741392910,True
C0041,Customer 0041,West,Business,6793.00,613.4000,6179.6000,0.0000,6179.6000,41,0,6,1,1029.933333333333333333333333,0,0.003294917511359403540804649611,True
C0042,Customer 0042,South,Consumer,8886.00,677.5500,8208.4500,383.2000,7825.2500,50,4,6,1,1304.208333333333333333333333,0.08,0.004172366052133661168632530320,True
C0043,Customer 0043,West,Business,5730.00,403.0000,5327.0000,1283.6000,4043.4000,27,6,3,1,1347.8000,0.2222222222222222222222222222,0.002155911299344716854956553861,True
C0044,Customer 0044,West,Business,3414.00,178.9000,3235.1000,678.6000,2556.5000,19,3,3,1,852.1666666666666666666666667,0.1578947368421052631578947368,0.001363107097189189454344469987,True
C0045,Customer 0045,North,Consumer,3218.00,379.1000,2838.9000,0.0000,2838.9000,29,0,5,1,567.7800,0,0.001513680711210792075860948893,True
C0046,Customer 0046,West,Consumer,8217.00,923.5500,7293.4500,0.0000,7293.4500,44,0,7,1,1041.921428571428571428571429,0,0.003888814182669467563383013739,True
C0047,Customer 0047,West,Consumer,9168.00,802.1500,8365.8500,1223.9500,7141.9000,55,6,8,1,892.7375,0.1090909090909090909090909091,0.003808008831377067148047240445,True
C0048,Customer 0048,East,Consumer,4347.00,376.0000,3971.0000,0.0000,3971.0000,30,0,5,1,794.2000,0,0.002117308149007733746607428249,True
C0049,Customer 0049,North,Consumer,5051.00,628.6000,4422.4000,672.3000,3750.1000,25,3,3,1,1250.033333333333333333333333,0.12,0.001999525885065198268232817093,True
C0050,Customer 0050,North,Business,3718.00,438.2500,3279.7500,0.0000,3279.7500,25,0,4,1,819.9375,0,0.001748738706045861182431556988,True
C0051,Customer 0051,West,Consumer,7656.00,789.9000,6866.1000,0.0000,6866.1000,45,0,6,1,1144.3500,0,0.003660954289071266854087449785,True
C0052,Customer 0052,North,Consumer,2374.00,184.2000,2189.8000,285.0000,1904.8000,12,1,4,1,476.2000,0.08333333333333333333333333333,0.001015625424887920231815116930,True
C0053,Customer 0053,West,Business,10926.00,1223.2500,9702.7500,494.6000,9208.1500,64,6,8,1,1151.01875,0.09375,0.004909718215131091286533163039,True
C0054,Customer 0054,East,Business,8561.00,676.6000,7884.4000,353.6000,7530.8000,48,2,6,1,1255.133333333333333333333333,0.04166666666666666666666666667,0.004015367466267298236955734237,True
C0055,Customer 0055,East,Consumer,9959.00,1221.5000,8737.5000,501.1500,8236.3500,47,4,6,1,1372.7250,0.08510638297872340425531914894,0.004391561564613409177504430031,True
C0056,Customer 0056,North,Consumer,8839.00,608.6000,8230.4000,747.5000,7482.9000,41,3,5,1,1496.5800,0.07317073170731707317073170732,0.003989827536693520738476133176,True
C0057,Customer 0057,South,Business,7705.00,603.1000,7101.9000,0.0000,7101.9000,38,0,4,1,1775.4750,0,0.003786681124008568193158220770,True
C0058,Customer 0058,North,Consumer,10341.00,729.3000,9611.7000,83.7000,9528.0000,61,1,7,1,1361.142857142857142857142857,0.01639344262295081967213114754,0.005080259895176451054564486616,True
C0059,Customer 0059,South,Business,11073.00,1190.9000,9882.1000,379.5000,9502.6000,60,4,6,1,1583.766666666666666666666667,0.06666666666666666666666666667,0.005066716800997454218209959122,True
C0060,Customer 0060,South,Business,5044.00,406.1000,4637.9000,193.8000,4444.1000,29,3,5,1,888.8200,0.1034482758620689655172413793,0.002369561607908655135557308456,True
C0061,Customer 0061,East,Business,2614.00,350.8000,2263.2000,0.0000,2263.2000,19,0,3,1,754.4000,0,0.001206721682909670867620733219,True
C0062,Customer 0062,West,Business,14600.00,1007.0000,13593.0000,188.0000,13405.0000,81,1,12,1,1117.083333333333333333333333,0.01234567901234567901234567901,0.007147447931868212257182718628,True
C0063,Customer 0063,West,Consumer,13552.00,968.1000,12583.9000,1604.0000,10979.9000,72,8,9,1,1219.988888888888888888888889,0.1111111111111111111111111111,0.005854402353384541869648678274,True
C0064,Customer 0064,North,Business,6377.00,625.0500,5751.9500,654.5500,5097.4000,34,7,4,1,1274.3500,0.2058823529411764705882352941,0.002717896388504664316282222300,True
C0065,Customer 0065,East,Consumer,5110.00,255.3500,4854.6500,264.6000,4590.0500,29,1,4,1,1147.5125,0.03448275862068965517241379310,0.002447381080169465697208618996,True
C0066,Customer 0066,North,Business,15673.00,1531.9500,14141.0500,0.0000,14141.0500,77,0,9,1,1571.227777777777777777777778,0,0.007539904407082803650834291925,True
C0067,Customer 0067,East,Business,5987.00,446.9000,5540.1000,0.0000,5540.1000,34,0,5,1,1108.0200,0,0.002953940789805526499516447555,True
C0068,Customer 0068,West,Consumer,3871.00,454.0000,3417.0000,318.4000,3098.6000,20,2,3,1,1032.866666666666666666666667,0.1,0.001652150851300771540477909134,True
C0069,Customer 0069,South,Business,2338.00,190.4000,2147.6000,0.0000,2147.6000,14,0,3,1,715.8666666666666666666666667,0,0.001145084608614708887991466358,True
C0070,Customer 0070,West,Business,3731.00,99.9000,3631.1000,236.5500,3394.5500,27,1,4,1,848.6375,0.03703703703703703703703703704,0.001809949226193453182963043455,True
C0071,Customer 0071,West,Consumer,7628.00,853.8500,6774.1500,390.0000,6384.1500,48,3,8,1,798.01875,0.0625,0.003403982074915065071368373975,True
C0072,Customer 0072,South,Business,5034.00,367.0000,4667.0000,563.4000,4103.6000,22,4,4,1,1025.9000,0.1818181818181818181818181818,0.002188009498934307782064528472,True
C0073,Customer 0073,South,Business,4746.00,230.7000,4515.3000,0.0000,4515.3000,23,0,4,1,1128.8250,0,0.002407524927024583275259763478,True
C0074,Customer 0074,South,Business,4294.00,184.9500,4109.0500,169.2000,3939.8500,27,1,5,1,787.9700,0.03703703703703703703703703704,0.002100699196894515185487604177,True
C0075,Customer 0075,South,Business,14683.00,1072.1000,13610.9000,271.0000,13339.9000,76,1,8,1,1667.4875,0.01315789473684210526315789474,0.007112737088125980208100839107,True
C0076,Customer 0076,East,Consumer,10450.00,902.5000,9547.5000,992.0000,8555.5000,48,4,6,1,1425.916666666666666666666667,0.08333333333333333333333333333,0.004561730009779820213825195764,True
C0077,Customer 0077,West,Consumer,6159.00,634.1000,5524.9000,0.0000,5524.9000,35,0,4,1,1381.2250,0,0.002945836261005496896658620078,True
C0078,Customer 0078,West,Consumer,4707.00,92.0000,4615.0000,279.3000,4335.7000,25,1,2,1,2167.8500,0.04,0.002311763520940022967808065137,True
C0079,Customer 0079,West,Business,6941.00,653.7500,6287.2500,0.0000,6287.2500,35,0,7,1,898.1785714285714285714285714,0,0.003352315703814876353149723812,True
C0080,Customer 0080,East,Consumer,9419.00,1216.6500,8202.3500,784.0000,7418.3500,47,5,7,1,1059.764285714285714285714286,0.1063829787234042553191489362,0.003955409948927605550023977675,True
C0081,Customer 0081,North,Consumer,8933.00,826.5000,8106.5000,0.0000,8106.5000,46,0,7,1,1158.071428571428571428571429,0,0.004322326494568419445195949911,True
C0082,Customer 0082,North,Business,5383.00,492.5500,4890.4500,254.6000,4635.8500,27,2,3,1,1545.283333333333333333333333,0.07407407407407407407407407407,0.002471801305106397000556546524,True
C0083,Customer 0083,West,Consumer,6743.00,711.0500,6031.9500,489.6000,5542.3500,38,5,6,1,923.7250,0.1315789473684210526315789474,0.002955140473345004565728954911,True
C0084,Customer 0084,West,Business,9016.00,554.1000,8461.9000,0.0000,8461.9000,51,0,8,1,1057.7375,0,0.004511823174537532659384889725,True
C0085,Customer 0085,South,Consumer,11818.00,1238.8000,10579.2000,1500.0000,9079.2000,74,5,9,1,1008.8000,0.06756756756756756756756756757,0.004840963018501892780709685861,True
C0086,Customer 0086,North,Business,5472.00,818.1000,4653.9000,0.0000,4653.9000,33,0,5,1,930.7800,0,0.002481425433056432153950216652,True
C0087,Customer 0087,North,Business,9140.00,638.3500,8501.6500,83.7000,8417.9500,47,1,7,1,1202.564285714285714285714286,0.02127659574468085106382978723,0.004488389356066394432700579357,True
C0088,Customer 0088,West,Business,9003.00,653.2500,8349.7500,0.0000,8349.7500,43,0,6,1,1391.6250,0,0.004452025615003103714614800810,True
C0089,Customer 0089,South,Business,7168.00,564.4000,6603.6000,0.0000,6603.6000,42,0,7,1,943.3714285714285714285714286,0,0.003520991209465492462628258167,True
C0090,Customer 0090,West,Business,2505.00,133.2000,2371.8000,634.1000,1737.7000,16,3,5,1,347.5400,0.1875,0.0009265289273560158477662372368,True
C0091,Customer 0091,North,Business,13698.00,1345.5000,12352.5000,290.8000,12061.7000,79,2,8,1,1507.7125,0.02531645569620253164556962025,0.006431210199165596104622215388,True
C0092,Customer 0092,East,Consumer,7166.00,578.2500,6587.7500,0.0000,6587.7500,49,0,5,1,1317.5500,0,0.003512540105420724751753484121,True
C0093,Customer 0093,North,Consumer,8961.00,742.9000,8218.1000,255.6000,7962.5000,43,1,5,1,1592.5000,0.02325581395348837209302325581,0.004245546748041823207595479081,True
C0094,Customer 0094,West,Consumer,16823.00,1756.0000,15067.0000,122.0000,14945.0000,87,1,9,1,1660.555555555555555555555556,0.01149425287356321839080459770,0.007968564665555422020409976120,True
C0095,Customer 0095,East,Consumer,13685.00,1991.7000,11693.3000,1793.2500,9900.0500,80,12,8,1,1237.50625,0.15,0.005278634233337701958725980869,True
C0096,Customer 0096,North,Consumer,2865.00,113.5000,2751.5000,0.0000,2751.5000,24,0,2,1,1375.7500,0,0.001467079670610621859428440903,True
C0097,Customer 0097,West,Business,6970.00,848.9000,6121.1000,249.0000,5872.1000,35,1,6,1,978.6833333333333333333333333,0.02857142857142857142857142857,0.003130960760964067825095310858,True
C0098,Customer 0098,West,Business,2946.00,330.2000,2615.8000,0.0000,2615.8000,18,0,5,1,523.1600,0,0.001394725423362989154967441655,True
C0099,Customer 0099,West,Consumer,4654.00,415.2500,4238.7500,629.8500,3608.9000,23,4,5,1,721.7800,0.1739130434782608695652173913,0.001924239078054396957474577639,True
C0100,Customer 0100,West,Consumer,9954.00,1182.1000,8771.9000,64.8000,8707.1000,57,1,6,1,1451.183333333333333333333333,0.01754385964912280701754385965,0.004642562020706431252854580333,True
C0101,Customer 0101,South,Business,3237.00,292.2500,2944.7500,0.0000,2944.7500,26,0,5,1,588.9500,0,0.001570119156834682435236017208,True
C0102,Customer 0102,North,Consumer,5879.00,454.9000,5424.1000,0.0000,5424.1000,41,0,6,1,904.0166666666666666666666667,0,0.002892090438436879530338290497,True
C0103,Customer 0103,West,Consumer,1350.00,24.4500,1325.5500,0.0000,1325.5500,11,0,3,1,441.8500,0,0.0007067735625578447413285007592,True
C0104,Customer 0104,North,Business,9760.00,746.3000,9013.7000,726.3000,8287.4000,49,3,6,1,1381.233333333333333333333333,0.06122448979591836734693877551,0.004418781051142455968681541392,True
C0105,Customer 0105,South,Business,8666.00,1194.0000,7472.0000,0.0000,7472.0000,44,0,5,1,1494.4000,0,0.003984015736435604773268875314,True
C0106,Customer 0106,East,Business,12341.00,1026.4000,11314.6000,1245.7000,10068.9000,69,13,7,1,1438.414285714285714285714286,0.1884057971014492753623188406,0.005368663818066978172051255173,True
C0107,Customer 0107,South,Consumer,11845.00,1229.5000,10615.5000,416.8000,10198.7000,67,3,8,1,1274.8375,0.04477611940298507462686567164,0.005437872228477757280666124019,True
C0108,Customer 0108,East,Business,10596.00,975.7000,9620.3000,430.4000,9189.9000,61,2,7,1,1312.842857142857142857142857,0.03278688524590163934426229508,0.004899987448644213638365047812,True
C0109,Customer 0109,West,Business,15273.00,1245.6000,14027.4000,516.0000,13511.4000,76,4,10,1,1351.1400,0.05263157894736842105263157895,0.007204179633468419477187510964,True
C0110,Customer 0110,West,Consumer,9641.00,1094.0000,8547.0000,812.8000,7734.2000,48,4,7,1,1104.885714285714285714285714,0.08333333333333333333333333333,0.004123818858236115422566399285,True
C0111,Customer 0111,South,Business,8910.00,738.9000,8171.1000,93.0000,8078.1000,40,1,5,1,1615.6200,0.025,0.004307183822336785187224745942,True
C0112,Customer 0112,South,Business,15184.00,969.8000,14214.2000,1239.4000,12974.8000,87,9,10,1,1297.4800,0.1034482758620689655172413793,0.006918068439120005997351312022,True
C0113,Customer 0113,South,Consumer,4328.00,558.9000,3769.1000,0.0000,3769.1000,25,0,3,1,1256.366666666666666666666667,0,0.002009656546065235271805101438,True
C0114,Customer 0114,North,Business,4796.00,557.3500,4238.6500,0.0000,4238.6500,37,0,5,1,847.7300,0,0.002260017170937202378508581150,True
C0115,Customer 0115,North,Consumer,1729.00,172.9000,1556.1000,241.2000,1314.9000,12,2,2,1,657.4500,0.1666666666666666666666666667,0.0007010950604709818945892992707,True
C0116,Customer 0116,West,Business,6533.00,655.7500,5877.2500,156.0000,5721.2500,36,2,6,1,953.5416666666666666666666667,0.05555555555555555555555555556,0.003050528644550616141470095408,True
C0117,Customer 0117,North,Consumer,3140.00,144.5500,2995.4500,0.0000,2995.4500,20,0,3,1,998.4833333333333333333333333,0,0.001597152025924254860557849647,True
C0118,Customer 0118,West,Business,1432.00,56.9000,1375.1000,0.0000,1375.1000,5,0,1,1,1375.1000,0,0.0007331932600605728216972738818,False
C0119,Customer 0119,North,Business,11489.00,906.0500,10582.9500,1015.2000,9567.7500,78,6,10,1,956.7750,0.07692307692307692307692307692,0.005101454304373896890985449918,True
C0120,Customer 0120,South,Consumer,9440.00,1316.3000,8123.7000,0.0000,8123.7000,47,0,7,1,1160.528571428571428571428571,0,0.004331497408736873995798228371,True
C0121,Customer 0121,West,Business,8291.00,569.5500,7721.4500,749.6000,6971.8500,52,4,6,1,1161.9750,0.07692307692307692307692307692,0.003717339415426735966075295551,True
C0122,Customer 0122,North,Business,13334.00,1225.6000,12108.4000,412.4000,11696.0000,64,4,8,1,1462.0000,0.0625,0.006236221634549094409549353008,True
C0123,Customer 0123,East,Consumer,5313.00,623.1500,4689.8500,107.2000,4582.6500,30,1,4,1,1145.6625,0.03333333333333333333333333333,0.002443435454306293390554150356,True
C0124,Customer 0124,East,Consumer,2970.00,263.5500,2706.4500,219.4500,2487.0000,19,1,3,1,829.0000,0.05263157894736842105263157895,0.001326050205636422520224798301,True
C0125,Customer 0125,South,Business,1880.00,91.4000,1788.6000,159.2000,1629.4000,13,1,2,1,814.7000,0.07692307692307692307692307692,0.0008687841596558049274042164664,True
C0126,Customer 0126,South,Business,7082.00,749.3500,6332.6500,482.6000,5850.0500,36,2,5,1,1170.0100,0.05555555555555555555555555556,0.003119203862277182776212738762,True
C0127,Customer 0127,East,Business,3838.00,257.7500,3580.2500,0.0000,3580.2500,20,0,5,1,716.0500,0,0.001908963107651709581035317297,True
C0128,Customer 0128,West,Business,6732.00,320.8000,6411.2000,0.0000,6411.2000,37,0,5,1,1282.2400,0,0.003418404937023012489612073530,True
C0129,Customer 0129,North,Business,14062.00,1252.2500,12809.7500,368.7000,12441.0500,80,2,10,1,1244.1050,0.025,0.006633476843921598068050955732,True
C0130,Customer 0130,West,Business,5623.00,571.2000,5051.8000,302.4000,4749.4000,27,2,3,1,1583.133333333333333333333333,0.07407407407407407407407407407,0.002532345334398723408747751127,True
C0131,Customer 0131,West,Business,7784.00,489.8000,7294.2000,737.1000,6557.1000,42,4,6,1,1092.8500,0.09523809523809523809523809524,0.003496197749649612427569772795,True
C0132,Customer 0132,North,Consumer,10463.00,719.6000,9743.4000,1461.0000,8282.4000,57,9,7,1,1183.2000,0.1578947368421052631578947368,0.004416115087721393599320413932,True
C0133,Customer 0133,South,Consumer,4381.00,442.2000,3938.8000,72.9000,3865.9000,30,1,3,1,1288.633333333333333333333333,0.03333333333333333333333333333,0.002061269597897002742636529052,True
C0134,Customer 0134,North,Consumer,3400.00,312.7000,3087.3000,94.5000,2992.8000,28,3,4,1,748.2000,0.1071428571428571428571428571,0.001595739065311091804796452093,True
C0135,Customer 0135,West,Consumer,3808.00,378.9000,3429.1000,0.0000,3429.1000,25,0,3,1,1143.033333333333333333333333,0,0.001828371033432994155248434200,True
C0136,Customer 0136,West,Consumer,10711.00,1176.0500,9534.9500,1290.0000,8244.9500,55,6,7,1,1177.8500,0.1090909090909090909090909091,0.004396147021697636452805569262,True
C0137,Customer 0137,South,Consumer,6887.00,909.5500,5977.4500,109.8000,5867.6500,36,1,4,1,1466.9125,0.02777777777777777777777777778,0.003128588053519322316363907419,True
C0138,Customer 0138,South,Business,10901.00,1058.7000,9842.3000,335.9000,9506.4000,66,2,9,1,1056.266666666666666666666667,0.03030303030303030303030303030,0.005068742933197461618924415991,True
C0139,Customer 0139,North,Business,5758.00,575.3500,5182.6500,343.2000,4839.4500,42,5,8,1,604.93125,0.1190476190476190476190476190,0.002580359335612056680941656670,True
C0140,Customer 0140,East,Consumer,7198.00,870.2500,6327.7500,0.0000,6327.7500,41,0,6,1,1054.6250,0,0.003373910007525481544974856233,True
C0141,Customer 0141,East,Consumer,3322.00,401.8000,2920.2000,70.0000,2850.2000,21,2,5,1,570.0400,0.09523809523809523809523809524,0.001519705788542393030617096951,True
C0142,Customer 0142,West,Business,6047.00,688.5500,5358.4500,282.4000,5076.0500,45,3,7,1,725.1500,0.06666666666666666666666666667,0.002706512724696727999110208049,True
C0143,Customer 0143,West,Business,1953.00,165.3000,1787.7000,0.0000,1787.7000,10,0,3,1,595.9000,0,0.0009531885615666395413775118307,True
C0144,Customer 0144,North,Consumer,5464.00,654.5000,4809.5000,0.0000,4809.5000,30,0,5,1,961.9000,0,0.002564390214719893088468503188,True
C0145,Customer 0145,West,Business,2285.00,130.6500,2154.3500,269.0000,1885.3500,15,1,3,1,628.4500,0.06666666666666666666666666667,0.001005254827179987615000331113,True
C0146,Customer 0146,South,Consumer,13770.00,1397.9000,12372.1000,93.0000,12279.1000,69,1,8,1,1534.8875,0.01449275362318840579710144928,0.006547126288713387924444037322,True
C0147,Customer 0147,East,Business,8049.00,582.9000,7466.1000,1116.0000,6350.1000,45,6,8,1,793.7625,0.1333333333333333333333333333,0.003385826864017630336019095976,True
C0148,Customer 0148,East,Consumer,5586.00,371.4000,5214.6000,0.0000,5214.6000,35,0,5,1,1042.9200,0,0.002780386571094366254107049948,True
C0149,Customer 0149,East,Business,5101.00,482.1000,4618.9000,242.1000,4376.8000,28,1,5,1,875.3600,0.03571428571428571428571428571,0.002333677740261155643956532853,True
C0150,Customer 0150,West,Business,5104.00,277.6000,4826.4000,170.1000,4656.3000,24,1,3,1,1552.1000,0.04166666666666666666666666667,0.002482705095498542091243557833,True
C0151,Customer 0151,South,Business,8031.00,611.7500,7419.2500,0.0000,7419.2500,41,0,6,1,1236.541666666666666666666667,0,0.003955889822343396776508980618,True
C0152,Customer 0152,West,Business,7641.00,682.7000,6958.3000,1207.0000,5751.3000,35,5,6,1,958.5500,0.1428571428571428571428571429,0.003066551084711200981330471439,True
C0153,Customer 0153,East,Business,8938.00,788.5000,8149.5000,76.9500,8072.5500,46,1,6,1,1345.4250,0.02173913043478260869565217391,0.004304224602939405957233894462,True
C0154,Customer 0154,North,Business,3240.00,479.6000,2760.4000,0.0000,2760.4000,16,0,3,1,920.1333333333333333333333333,0,0.001471825085500112876891247781,True
C0155,Customer 0155,South,Business,8960.00,1036.2500,7923.7500,548.3000,7375.4500,35,2,4,1,1843.8625,0.05714285714285714285714285714,0.003932535982774890420905504073,True
C0156,Customer 0156,South,Consumer,9860.00,790.1500,9069.8500,1409.6000,7660.2500,60,6,7,1,1094.321428571428571428571429,0.1,0.004084389259238602979715324160,True
C0157,Customer 0157,West,Business,8347.00,611.3000,7735.7000,384.8500,7350.8500,56,3,6,1,1225.141666666666666666666667,0.05357142857142857142857142857,0.003919419442743263563648756973,True
C0158,Customer 0158,East,Consumer,6589.00,444.9500,6144.0500,193.8000,5950.2500,47,3,6,1,991.7083333333333333333333333,0.06382978723404255319148936170,0.003172629769235272658209733049,True
C0159,Customer 0159,West,Business,2623.00,176.9500,2446.0500,0.0000,2446.0500,18,0,3,1,815.3500,0,0.001304215965217921715157164409,True
C0160,Customer 0160,West,Business,5343.00,882.8000,4460.2000,107.2000,4353.0000,34,1,3,1,1451.0000,0.02941176470588235294117647059,0.002320987754376898765797566146,True
C0161,Customer 0161,West,Consumer,14329.00,1090.0000,13239.0000,943.4000,12295.6000,93,5,9,1,1366.177777777777777777777778,0.05376344086021505376344086022,0.006555923968002893743335757938,True
C0162,Customer 0162,South,Consumer,9987.00,925.8000,9061.2000,1027.9500,8033.2500,65,5,8,1,1004.15625,0.07692307692307692307692307692,0.004283270130449855734055432631,True
C0163,Customer 0163,South,Consumer,3358.00,259.9000,3098.1000,1453.5000,1644.6000,19,8,2,1,822.3000,0.4210526315789473684210526316,0.0008768886884558345302620439430,True
C0164,Customer 0164,East,Consumer,2150.00,411.5500,1738.4500,0.0000,1738.4500,13,0,2,1,869.2250,0,0.0009269288218691752031704063557,True
C0165,Customer 0165,West,Consumer,4760.00,188.7500,4571.2500,552.0000,4019.2500,23,3,4,1,1004.8125,0.1304347826086956521739130435,0.002143034696020985610942308232,True
C0166,Customer 0166,North,Business,3700.00,352.2000,3347.8000,0.0000,3347.8000,24,0,4,1,836.9500,0,0.001785022468206520029436501710,True
C0167,Customer 0167,West,Consumer,4800.00,428.6000,4371.4000,0.0000,4371.4000,32,0,5,1,874.2800,0,0.002330798499766408285046515197,True
C0168,Customer 0168,North,Business,3825.00,323.2500,3501.7500,0.0000,3501.7500,21,0,4,1,875.4375,0,0.001867107481941030382065616185,True
C0169,Customer 0169,North,Consumer,11374.00,1084.9000,10289.1000,941.6000,9347.5000,59,5,7,1,1335.357142857142857142857143,0.08474576271186440677966101695,0.004984018615676099520627785332,True
C0170,Customer 0170,East,Business,7764.00,1030.7000,6733.3000,0.0000,6733.3000,39,0,5,1,1346.6600,0,0.003590146300607850323855904464,True
C0171,Customer 0171,South,Business,3280.00,211.7000,3068.3000,249.0000,2819.3000,24,1,4,1,704.8250,0.04166666666666666666666666667,0.001503230134600227587965329252,True
C0172,Customer 0172,North,Consumer,9446.00,699.8500,8746.1500,0.0000,8746.1500,56,0,6,1,1457.691666666666666666666667,0,0.004663383195024928357564985791,True
C0173,Customer 0173,West,Consumer,8523.00,785.7500,7737.2500,0.0000,7737.2500,53,0,6,1,1289.541666666666666666666667,0,0.004125445095922963467876687035,True
C0174,Customer 0174,South,Consumer,9116.00,1087.6000,8028.4000,65.0000,7963.4000,50,1,9,1,884.8222222222222222222222222,0.02,0.004246026621457614434080482023,True
C0175,Customer 0175,North,Consumer,7553.00,637.1000,6915.9000,0.0000,6915.9000,40,0,5,1,1383.1800,0,0.003687507284745048052924279281,True
C0176,Customer 0176,North,Consumer,5031.00,289.6500,4741.3500,219.6000,4521.7500,29,2,3,1,1507.2500,0.06896551724137931034482758621,0.002410964019837753731735617900,True
C0177,Customer 0177,West,Business,9992.00,759.2500,9232.7500,236.5500,8996.2000,57,1,8,1,1124.5250,0.01754385964912280701754385965,0.004796708025712257449314970035,True
C0178,Customer 0178,East,Consumer,8796.00,942.2500,7853.7500,231.0000,7622.7500,44,1,5,1,1524.5500,0.02272727272727272727272727273,0.004064394533580635209506868215,True
C0179,Customer 0179,East,Consumer,12011.00,787.1500,11223.8500,744.6000,10479.2500,64,3,6,1,1746.541666666666666666666667,0.046875,0.005587459436033566825518985765,True
C0180,Customer 0180,West,Consumer,7637.00,675.1000,6961.9000,56.0000,6905.9000,57,2,8,1,863.2375,0.03508771929824561403508771930,0.003682175357902923314202024362,True
C0181,Customer 0181,West,Business,6482.00,747.1500,5734.8500,947.4000,4787.4500,36,7,6,1,797.9083333333333333333333333,0.1944444444444444444444444444,0.002552633316033008039585931093,True
C0182,Customer 0182,West,Business,17311.00,1742.0000,15569.0000,814.8000,14754.2000,105,9,13,1,1134.938461538461538461538462,0.08571428571428571428571428571,0.007866831501407682005589352270,True
C0183,Customer 0183,East,Consumer,10696.00,1070.9000,9625.1000,254.8000,9370.3000,68,4,11,1,851.8454545454545454545454545,0.05882352941176470588235294118,0.004996175408876143924914526547,True
C0184,Customer 0184,West,Business,10200.00,574.7500,9625.2500,267.0000,9358.2500,59,5,8,1,1169.78125,0.08474576271186440677966101695,0.004989750437031383614754209370,True
C0185,Customer 0185,North,Consumer,3465.00,197.0000,3268.0000,509.2000,2758.8000,21,4,3,1,919.6000,0.1904761904761904761904761905,0.001470971977205372918695686994,True
C0186,Customer 0186,North,Consumer,7820.00,728.7000,7091.3000,175.0000,6916.3000,44,5,6,1,1152.716666666666666666666667,0.1136363636363636363636363636,0.003687720561818733042473169478,True
C0187,Customer 0187,North,Business,1940.00,149.1000,1790.9000,72.9000,1718.0000,14,1,3,1,572.6666666666666666666666667,0.07142857142857142857142857143,0.0009160250314770301124833950468,True
C0188,Customer 0188,South,Business,4842.00,387.9000,4454.1000,0.0000,4454.1000,26,0,6,1,742.3500,0,0.002374893534750779874279563375,True
C0189,Customer 0189,North,Consumer,4844.00,174.0500,4669.9500,0.0000,4669.9500,27,0,4,1,1167.4875,0,0.002489983175638042359599435797,True
C0190,Customer 0190,North,Business,4176.00,534.2000,3641.8000,0.0000,3641.8000,26,0,4,1,910.4500,0,0.001941781117364987347870796322,True
C0191,Customer 0191,North,Consumer,9949.00,1044.6500,8904.3500,242.1000,8662.2500,40,1,5,1,1732.4500,0.025,0.004618648328819501799685267022,True
C0192,Customer 0192,South,Business,10179.00,716.0500,9462.9500,344.8000,9118.1500,70,2,10,1,911.8150,0.02857142857142857142857142857,0.004861730873551968638032868770,True
C0193,Customer 0193,East,Consumer,10228.00,751.0000,9477.0000,912.0000,8565.0000,53,12,6,1,1427.5000,0.2264150943396226415094339623,0.004566795340279838715611337937,True
C0194,Customer 0194,North,Consumer,7474.00,649.7000,6824.3000,186.2000,6638.1000,41,1,5,1,1327.6200,0.02439024390243902439024390244,0.003539386357070822811220037637,True
C0195,Customer 0195,West,Business,9389.00,1374.2500,8014.7500,585.3000,7429.4500,61,6,7,1,1061.3500,0.09836065573770491803278688525,0.003961328387722364010005680635,True
C0196,Customer 0196,West,Consumer,6431.00,478.5500,5952.4500,61.7500,5890.7000,43,1,7,1,841.5285714285714285714285714,0.02325581395348837209302325581,0.003140878144890419839118705007,True
C0197,Customer 0197,East,Business,13218.00,936.4500,12281.5500,1267.2000,11014.3500,72,6,9,1,1223.816666666666666666666667,0.08333333333333333333333333333,0.005872770841355661594546846469,True
C0198,Customer 0198,West,Consumer,9420.00,750.5500,8669.4500,553.5000,8115.9500,49,5,9,1,901.7722222222222222222222222,0.1020408163265306122448979592,0.004327365165434227323288480809,True
C0199,Customer 0199,North,Consumer,7756.00,740.3000,7015.7000,1539.5000,5476.2000,41,7,4,1,1369.0500,0.1707317073170731707317073171,0.002919869777284349419081238624,True
C0200,Customer 0200,West,Consumer,3171.00,380.0000,2791.0000,314.4000,2476.6000,25,5,4,1,619.1500,0.2,0.001320505001720612791953653186,True
C0201,Customer 0201,East,Consumer,10994.00,1063.9500,9930.0500,831.6000,9098.4500,55,4,7,1,1299.778571428571428571428571,0.07272727272727272727272727273,0.004851226977672982902750026580,True
C0202,Customer 0202,South,Business,10784.00,810.1500,9973.8500,0.0000,9973.8500,51,0,5,1,1994.7700,0,0.005317983853432582530496222170,True
C0203,Customer 0203,South,Business,6144.00,483.9500,5660.0500,0.0000,5660.0500,36,0,4,1,1415.0125,0,0.003017897252276812740489895305,True
C0204,Customer 0204,South,Consumer,13611.00,981.1500,12629.8500,1698.5000,10931.3500,81,9,10,1,1093.1350,0.1111111111111111111111111111,0.005828515848566026263152130643,True
C0205,Customer 0205,West,Business,3595.00,417.3500,3177.6500,228.6000,2949.0500,21,1,4,1,737.2625,0.04761904761904761904761904762,0.001572411885376796072886586824,True
C0206,Customer 0206,West,Business,4756.00,331.1000,4424.9000,0.0000,4424.9000,31,0,4,1,1106.2250,0,0.002359324308371775637210579012,True
C0207,Customer 0207,South,Consumer,5555.00,510.2500,5044.7500,0.0000,5044.7500,28,0,4,1,1261.1875,0,0.002689823793680877566909550153,True
C0208,Customer 0208,East,Business,5540.00,419.2000,5120.8000,0.0000,5120.8000,36,0,5,1,1024.1600,0,0.002730373097315236204892298810,True
C0209,Customer 0209,West,Business,4256.00,212.5500,4043.4500,254.0000,3789.4500,20,1,3,1,1263.1500,0.05,0.002020507017188959115104890198,True
C0210,Customer 0210,North,Consumer,6372.00,342.6500,6029.3500,0.0000,6029.3500,39,0,6,1,1004.891666666666666666666667,0,0.003214805310556479341502769456,True
C0211,Customer 0211,North,Business,3170.00,114.0000,3056.0000,829.8000,2226.2000,18,5,4,1,556.5500,0.2777777777777777777777777778,0.001186993553593809334348390019,True
C0212,Customer 0212,East,Consumer,8141.00,743.8500,7397.1500,359.1000,7038.0500,61,2,6,1,1173.008333333333333333333333,0.03278688524590163934426229508,0.003752636771121601736416623114,True
C0213,Customer 0213,East,Business,5484.00,556.3500,4927.6500,1022.8000,3904.8500,29,6,3,1,1301.616666666666666666666667,0.2068965517241379310344827586,0.002082037452947078599959711961,True
C0214,Customer 0214,West,Business,6516.00,465.9000,6050.1000,710.4000,5339.7000,36,4,5,1,1067.9400,0.1111111111111111111111111111,0.002847088975889346735522458982,True
C0215,Customer 0215,North,Consumer,8392.00,596.1500,7795.8500,637.0000,7158.8500,46,3,6,1,1193.141666666666666666666667,0.06521739130434782608695652174,0.003817046447374468580181462533,True
C0216,Customer 0216,North,Consumer,8817.00,876.3500,7940.6500,1102.8000,6837.8500,51,5,6,1,1139.641666666666666666666667,0.09803921568627450980392156863,0.003645891595742264467197079640,True
C0217,Customer 0217,South,Business,4566.00,383.8000,4182.2000,0.0000,4182.2000,29,0,4,1,1045.5500,0,0.002229918443913408228421452133,True
C0218,Customer 0218,East,Business,3059.00,559.5000,2499.5000,0.0000,2499.5000,21,0,3,1,833.1666666666666666666666667,0,0.001332715114189078443627616950,True
C0219,Customer 0219,East,Consumer,8550.00,1157.0000,7393.0000,203.2000,7189.8000,49,1,6,1,1198.3000,0.02040816326530612244897959184,0.003833548760950844646526841506,True
C0220,Customer 0220,North,Business,1748.00,274.1500,1473.8500,0.0000,1473.8500,15,0,3,1,491.2833333333333333333333333,0,0.0007858460376265546165795412048,True
C0221,Customer 0221,West,Business,10267.00,1180.5500,9086.4500,753.2500,8333.2000,56,4,8,1,1041.6500,0.07142857142857142857142857143,0.004443201276079387272029468920,True
C0222,Customer 0222,East,Consumer,12695.00,1096.2000,11598.8000,0.0000,11598.8000,62,0,9,1,1288.755555555555555555555556,0,0.006184395305643641949169035197,True
C0223,Customer 0223,East,Consumer,8324.00,897.9000,7426.1000,534.6000,6891.5000,54,7,8,1,861.4375,0.1296296296296296296296296296,0.003674497383250263690441977279,True
C0224,Customer 0224,West,Consumer,15285.00,1617.9000,13667.1000,1309.3000,12357.8000,85,7,11,1,1123.436363636363636363636364,0.08235294117647058823529411765,0.006589088552960909618188183533,True
C0225,Customer 0225,North,Consumer,10327.00,810.0500,9516.9500,0.0000,9516.9500,59,0,8,1,1189.61875,0,0.005074368116015903218276394931,True
C0226,Customer 0226,South,Business,12273.00,1096.7500,11176.2500,1631.4500,9544.8000,71,10,8,1,1193.1000,0.1408450704225352112676056338,0.005089217532271220615617874880,True
C0227,Customer 0227,East,Consumer,10914.00,1052.7500,9861.2500,433.6000,9427.6500,60,2,11,1,857.0590909090909090909090909,0.03333333333333333333333333333,0.005026754009315729301486658506,True
C0228,Customer 0228,East,Business,4272.00,404.6500,3867.3500,166.2500,3701.1000,24,5,4,1,925.2750,0.2083333333333333333333333333,0.001973399443538787048493767991,True
C0229,Customer 0229,East,Consumer,2061.00,262.5000,1798.5000,0.0000,1798.5000,10,0,2,1,899.2500,0,0.0009589470425561342591975471430,True
C0230,Customer 0230,East,Consumer,12562.00,1473.1000,11088.9000,563.4000,10525.5000,84,4,10,1,1052.5500,0.04761904761904761904761904762,0.005612119597678393742109414765,True
C0231,Customer 0231,West,Business,10338.00,824.2500,9513.7500,0.0000,9513.7500,65,0,9,1,1057.083333333333333333333333,0,0.005072661899426423301885273357,True
C0232,Customer 0232,East,Business,6328.00,347.0500,5980.9500,0.0000,5980.9500,31,0,4,1,1495.2375,0,0.003188998784640595606087055649,True
C0233,Customer 0233,South,Business,12904.00,1199.3000,11704.7000,1437.7000,10267.0000,78,7,9,1,1140.777777777777777777777778,0.08974358974358974358974358974,0.005474289288809469246139125114,True
C0234,Customer 0234,West,Business,952.00,89.0500,862.9500,0.0000,862.9500,5,0,1,1,862.9500,0,0.0004601186268411543280369882163,False
C0235,Customer 0235,North,Business,9908.00,749.2000,9158.8000,601.3500,8557.4500,54,3,8,1,1069.68125,0.05555555555555555555555555556,0.004562769735514034537876035474,True
C0236,Customer 0236,West,Business,6854.00,612.8000,6241.2000,0.0000,6241.2000,35,0,4,1,1560.3000,0,0.003327762180706891931333739911,True
C0237,Customer 0237,South,Consumer,6179.00,450.7500,5728.2500,1462.4000,4265.8500,38,8,5,1,853.1700,0.2105263157894736842105263158,0.002274520011947781667833114529,True
C0238,Customer 0238,East,Consumer,2014.00,112.6000,1901.4000,0.0000,1901.4000,15,0,3,1,633.8000,0,0.001013812569761597820649550257,True
C0239,Customer 0239,South,Consumer,4894.00,531.3000,4362.7000,374.0000,3988.7000,38,2,6,1,664.7833333333333333333333333,0.05263157894736842105263157895,0.002126745659518294534145819455,True
C0240,Customer 0240,West,Business,8030.00,899.2500,7130.7500,463.6000,6667.1500,48,4,7,1,952.4500,0.08333333333333333333333333333,0.003554875604547195177208188176,True
C0241,Customer 0241,North,Consumer,2744.00,355.3000,2388.7000,52.0000,2336.7000,22,1,4,1,584.1750,0.04545454545454545454545454545,0.001245911345199287697229306872,True
C0242,Customer 0242,South,Business,4803.00,481.8500,4321.1500,35.0000,4286.1500,29,1,6,1,714.3583333333333333333333333,0.03448275862068965517241379310,0.002285343823437294887439292014,True
C0243,Customer 0243,East,Business,1935.00,34.2500,1900.7500,0.0000,1900.7500,18,0,2,1,950.3750,0,0.001013465994516859712632603688,True
C0244,Customer 0244,South,Consumer,10074.00,1006.1000,9067.9000,321.6000,8746.3000,62,3,8,1,1093.2875,0.04838709677419354838709677419,0.004663463173927560228645819615,True
C0245,Customer 0245,North,Consumer,9044.00,681.8500,8362.1500,882.6000,7479.5500,56,4,9,1,831.0611111111111111111111111,0.07142857142857142857142857143,0.003988041341201408951004177778,True
C0246,Customer 0246,South,Consumer,3965.00,317.5000,3647.5000,240.0000,3407.5000,20,1,4,1,851.8750,0.05,0.001816854071454004719608363575,True
C0247,Customer 0247,North,Consumer,6765.00,644.3500,6120.6500,76.9500,6043.7000,38,1,4,1,1510.9250,0.02631578947368421052631578947,0.003222456625574928341569205265,True
C0248,Customer 0248,East,Business,7659.00,450.3000,7208.7000,0.0000,7208.7000,34,0,4,1,1802.1750,0,0.003843626102682460402711903303,True
C0249,Customer 0249,North,Consumer,4121.00,401.9000,3719.1000,233.7000,3485.4000,28,2,5,1,697.0800,0.07142857142857142857142857143,0.001858389781554156434254729392,True
C0250,Customer 0250,West,Consumer,4415.00,792.3000,3622.7000,0.0000,3622.7000,23,0,4,1,905.6750,0,0.001931597137096529096911289427,True
C0251,Customer 0251,North,Consumer,9182.00,656.7500,8525.2500,128.0000,8397.2500,61,2,8,1,1049.65625,0.03278688524590163934426229508,0.004477352267503196223545511675,True
C0252,Customer 0252,West,Business,5963.00,752.7000,5210.3000,361.8000,4848.5000,29,3,5,1,969.7000,0.1034482758620689655172413793,0.002585184729404179569485297372,True
C0253,Customer 0253,North,Consumer,3987.00,360.7500,3626.2500,98.4000,3527.8500,38,1,5,1,705.5700,0.02631578947368421052631578947,0.001881023810998975950130701523,True
C0254,Customer 0254,East,Business,8093.00,800.3000,7292.7000,109.8000,7182.9000,41,1,5,1,1436.5800,0.02439024390243902439024390244,0.003829869731429778576808485612,True
C0255,Customer 0255,South,Business,3206.00,338.4000,2867.6000,0.0000,2867.6000,29,0,4,1,716.9000,0,0.001528983341247690075993820510,True
C0256,Customer 0256,North,Consumer,14722.00,1143.4000,13578.6000,253.4000,13325.2000,85,2,10,1,1332.5200,0.02352941176470588235294117647,0.007104899155668056842179124376,True
C0257,Customer 0257,North,Business,8898.00,771.3000,8126.7000,28.0000,8098.7000,42,1,7,1,1156.957142857142857142857143,0.02380952380952380952380952381,0.004318167591631562148992591074,True
C0258,Customer 0258,South,Business,3094.00,290.0000,2804.0000,134.0000,2670.0000,18,1,4,1,667.5000,0.05555555555555555555555555556,0.001423624466847305238842063315,True
C0259,Customer 0259,North,Business,10192.00,1031.8500,9160.1500,381.9000,8778.2500,61,3,9,1,975.3611111111111111111111111,0.04918032786885245901639344262,0.004680498680188148768863424080,True
C0260,Customer 0260,South,Consumer,6854.00,527.0000,6327.0000,107.2000,6219.8000,40,1,5,1,1243.9600,0.025,0.003316351857264744990468114384,True
C0261,Customer 0261,West,Consumer,2857.00,127.8000,2729.2000,109.8000,2619.4000,20,1,2,1,1309.7000,0.05,0.001396644917026154060907453426,True
C0262,Customer 0262,West,Business,8023.00,706.4000,7316.6000,228.6000,7088.0000,42,1,5,1,1417.6000,0.02380952380952380952380952381,0.003779269745698014806334286433,True
C0263,Customer 0263,East,Business,6367.00,458.9000,5908.1000,0.0000,5908.1000,26,0,3,1,1969.366666666666666666666667,0,0.003150155697595716884495428566,True
C0264,Customer 0264,South,Business,13510.00,1183.0500,12326.9500,64.8000,12262.1500,69,1,10,1,1226.2150,0.01449275362318840579710144928,0.006538088672715986492309815235,True
C0265,Customer 0265,West,Consumer,8529.00,624.1000,7904.9000,552.0000,7352.9000,53,3,8,1,919.1125,0.05660377358490566037735849057,0.003920512487745899135086819232,True
C0266,Customer 0266,North,Business,9417.00,650.9000,8766.1000,0.0000,8766.1000,43,0,7,1,1252.3000,0,0.004674020389074967211315884354,True
C0267,Customer 0267,West,Business,7980.00,588.8500,7391.1500,0.0000,7391.1500,47,0,6,1,1231.858333333333333333333333,0,0.003940907107917026260699444296,True
C0268,Customer 0268,North,Consumer,9403.00,1006.8500,8396.1500,0.0000,8396.1500,57,0,7,1,1199.4500,0,0.004476765755550562502286063634,True
C0269,Customer 0269,East,Business,4511.00,292.2500,4218.7500,233.7000,3985.0500,31,2,4,1,996.2625,0.06451612903225806451612903226,0.002124799506220919004512196409,True
C0270,Customer 0270,East,Business,11125.00,1076.9000,10048.1000,1470.2000,8577.9000,72,6,10,1,857.7900,0.08333333333333333333333333333,0.004573673525906179628563046782,True
C0271,Customer 0271,West,Consumer,4632.00,363.0500,4268.9500,372.4000,3896.5500,25,2,4,1,974.1375,0.08,0.002077611953668115066820240378,True
C0272,Customer 0272,West,Business,6806.00,439.9500,6366.0500,250.2000,6115.8500,35,3,4,1,1528.9625,0.08571428571428571428571428571,0.003260926477740858331450274504,True
C0273,Customer 0273,South,Business,4234.00,674.5500,3559.4500,0.0000,3559.4500,22,0,2,1,1779.7250,0,0.001897872699820090124493027066,True
C0274,Customer 0274,North,Business,1752.00,99.9000,1652.1000,0.0000,1652.1000,15,0,3,1,550.7000,0,0.0008808876335874280843037351321,True
C0275,Customer 0275,East,Business,9870.00,952.2000,8917.8000,1046.0000,7871.8000,49,5,7,1,1124.542857142857142857142857,0.1020408163265306122448979592,0.004197186171583751827384626967,True
C0276,Customer 0276,South,Business,9378.00,666.9000,8711.1000,183.8500,8527.2500,51,3,6,1,1421.208333333333333333333333,0.05882352941176470588235294118,0.004546667316450817826934825619,True
C0277,Customer 0277,West,Consumer,6295.00,319.2500,5975.7500,294.0000,5681.7500,38,1,4,1,1420.4375,0.02631578947368421052631578947,0.003029467533524223423517188479,True
C0278,Customer 0278,North,Consumer,9378.00,765.3000,8612.7000,960.3000,7652.4000,50,6,7,1,1093.2000,0.12,0.004080203696667535059818354049,True
C0279,Customer 0279,South,Business,7008.00,941.2000,6066.8000,415.8000,5651.0000,36,2,6,1,941.8333333333333333333333333,0.05555555555555555555555555556,0.003013071858484689851946254604,True
C0280,Customer 0280,North,Business,5568.00,449.5500,5118.4500,406.6500,4711.8000,26,2,4,1,1177.9500,0.07692307692307692307692307692,0.002512297289472334391152072632,True
C0281,Customer 0281,North,Business,984.00,13.4500,970.5500,0.0000,970.5500,7,0,2,1,485.2750,0,0.0005174901596624165166884511424,True
C0282,Customer 0282,East,Business,5714.00,616.2500,5097.7500,0.0000,5097.7500,35,0,5,1,1019.5500,0,0.002718083005944138682137501222,True
C0283,Customer 0283,East,Business,6164.00,878.9500,5285.0500,0.0000,5285.0500,44,0,7,1,755.0071428571428571428571429,0,0.002817949995697135038405335851,True
C0284,Customer 0284,South,Consumer,1697.00,135.3000,1561.7000,0.0000,1561.7000,8,0,1,1,1561.7000,0,0.0008326870149346204462545506663,False
C0285,Customer 0285,East,Consumer,12469.00,941.4500,11527.5500,821.8000,10705.7500,85,6,11,1,973.2500,0.07058823529411764705882352941,0.005708227579007692157578059676,True
C0286,Customer 0286,West,Business,9970.00,642.9500,9327.0500,675.2000,8651.8500,59,4,7,1,1235.978571428571428571428571,0.06779661016949152542372881356,0.004613103124903692071414121907,True
C0287,Customer 0287,South,Consumer,10723.00,1013.0000,9710.0000,688.3000,9021.7000,65,3,8,1,1127.7125,0.04615384615384615384615384615,0.004810304439159675533056720078,True
C0288,Customer 0288,East,Consumer,11130.00,1535.0000,9595.0000,2222.7000,7372.3000,55,12,5,1,1474.4600,0.2181818181818181818181818182,0.003930856425819621128207993774,True
C0289,Customer 0289,West,Business,11955.00,984.4500,10970.5500,279.3000,10691.2500,66,1,7,1,1527.321428571428571428571429,0.01515151515151515151515151515,0.005700496285086611286430790043,True
C0290,Customer 0290,South,Business,3639.00,256.0500,3382.9500,0.0000,3382.9500,23,0,3,1,1127.6500,0,0.001803764191056588486045227750,True
C0291,Customer 0291,North,Consumer,8714.00,672.7500,8041.2500,199.0000,7842.2500,42,1,6,1,1307.041666666666666666666667,0.02380952380952380952380952381,0.004181430327765273224460363682,True
C0292,Customer 0292,East,Business,9371.00,890.2000,8480.8000,88.3500,8392.4500,43,1,6,1,1398.741666666666666666666667,0.02325581395348837209302325581,0.004474792942618976348958829314,True
C0293,Customer 0293,North,Business,18866.00,1121.8000,17744.2000,1423.0000,16321.2000,96,7,10,1,1632.1200,0.07291666666666666666666666667,0.008702344437568628563366698043,True
C0294,Customer 0294,South,Consumer,14660.00,1345.6000,13314.4000,834.1000,12480.3000,84,7,10,1,1248.0300,0.08333333333333333333333333333,0.006654404656776937667535806288,True
C0295,Customer 0295,West,Business,4523.00,419.4500,4103.5500,184.8000,3918.7500,20,1,2,1,1959.3750,0.05,0.002089448831257631986783646298,True
C0296,Customer 0296,East,Business,9139.00,900.3500,8238.6500,511.2000,7727.4500,45,2,4,1,1931.8625,0.04444444444444444444444444444,0.004120219807617681223928877215,True
C0297,Customer 0297,East,Business,6023.00,420.5500,5602.4500,0.0000,5602.4500,32,0,3,1,1867.483333333333333333333333,0,0.002987185353666174245449706973,True
C0298,Customer 0298,North,Business,3859.00,307.5000,3551.5000,219.4500,3332.0500,23,1,4,1,833.0125,0.04347826086956521739130434783,0.001776624683430173565948950213,True
C0299,Customer 0299,North,Consumer,9977.00,796.2500,9180.7500,240.0000,8940.7500,60,1,6,1,1490.1250,0.01666666666666666666666666667,0.004767142491372675773100066510,True
C0300,Customer 0300,West,Consumer,8615.00,579.2000,8035.8000,0.0000,8035.8000,50,0,5,1,1607.1600,0,0.004284629771794597542429607635,True
